file_path,prediction,real_class
data/individual_seed_images/all_species\xray\testing\0\Alnus_glutinosa_101.png,0,0
data/individual_seed_images/all_species\xray\testing\0\Alnus_glutinosa_151.png,0,0
data/individual_seed_images/all_species\xray\testing\0\Alnus_glutinosa_201.png,0,0
data/individual_seed_images/all_species\xray\testing\0\Alnus_glutinosa_248.png,0,0
data/individual_seed_images/all_species\xray\testing\0\Alnus_glutinosa_252.png,0,0
data/individual_seed_images/all_species\xray\testing\0\Alnus_glutinosa_263.png,0,0
data/individual_seed_images/all_species\xray\testing\0\Alnus_glutinosa_282.png,0,0
data/individual_seed_images/all_species\xray\testing\0\Alnus_glutinosa_29.png,0,0
data/individual_seed_images/all_species\xray\testing\0\Alnus_glutinosa_3.png,0,0
data/individual_seed_images/all_species\xray\testing\0\Alnus_glutinosa_308.png,0,0
data/individual_seed_images/all_species\xray\testing\0\Alnus_glutinosa_314.png,0,0
data/individual_seed_images/all_species\xray\testing\0\Alnus_glutinosa_317.png,0,0
data/individual_seed_images/all_species\xray\testing\0\Alnus_glutinosa_32.png,0,0
data/individual_seed_images/all_species\xray\testing\0\Alnus_glutinosa_345.png,0,0
data/individual_seed_images/all_species\xray\testing\0\Alnus_glutinosa_359.png,0,0
data/individual_seed_images/all_species\xray\testing\0\Alnus_glutinosa_370.png,0,0
data/individual_seed_images/all_species\xray\testing\0\Alnus_glutinosa_381.png,0,0
data/individual_seed_images/all_species\xray\testing\0\Alnus_glutinosa_4.png,0,0
data/individual_seed_images/all_species\xray\testing\0\Alnus_glutinosa_406.png,0,0
data/individual_seed_images/all_species\xray\testing\0\Alnus_glutinosa_428.png,0,0
data/individual_seed_images/all_species\xray\testing\0\Alnus_glutinosa_433.png,0,0
data/individual_seed_images/all_species\xray\testing\0\Alnus_glutinosa_45.png,0,0
data/individual_seed_images/all_species\xray\testing\0\Alnus_glutinosa_463.png,0,0
data/individual_seed_images/all_species\xray\testing\0\Alnus_glutinosa_490.png,0,0
data/individual_seed_images/all_species\xray\testing\0\Alnus_glutinosa_517.png,0,0
data/individual_seed_images/all_species\xray\testing\0\Alnus_glutinosa_524.png,1,0
data/individual_seed_images/all_species\xray\testing\0\Alnus_glutinosa_584.png,1,0
data/individual_seed_images/all_species\xray\testing\0\Alnus_glutinosa_622.png,0,0
data/individual_seed_images/all_species\xray\testing\0\Alnus_glutinosa_627.png,0,0
data/individual_seed_images/all_species\xray\testing\0\Alnus_glutinosa_63.png,0,0
data/individual_seed_images/all_species\xray\testing\0\Alnus_glutinosa_631.png,1,0
data/individual_seed_images/all_species\xray\testing\0\Alnus_glutinosa_644.png,0,0
data/individual_seed_images/all_species\xray\testing\0\Alnus_glutinosa_648.png,0,0
data/individual_seed_images/all_species\xray\testing\0\Alnus_glutinosa_659.png,0,0
data/individual_seed_images/all_species\xray\testing\0\Alnus_glutinosa_676.png,1,0
data/individual_seed_images/all_species\xray\testing\0\Alnus_glutinosa_699.png,0,0
data/individual_seed_images/all_species\xray\testing\0\Alnus_glutinosa_7.png,0,0
data/individual_seed_images/all_species\xray\testing\0\Alnus_glutinosa_718.png,0,0
data/individual_seed_images/all_species\xray\testing\0\Alnus_glutinosa_728.png,0,0
data/individual_seed_images/all_species\xray\testing\0\Alnus_glutinosa_78.png,1,0
data/individual_seed_images/all_species\xray\testing\0\Alnus_glutinosa_820.png,0,0
data/individual_seed_images/all_species\xray\testing\0\Alnus_glutinosa_836.png,0,0
data/individual_seed_images/all_species\xray\testing\0\Alnus_glutinosa_845.png,0,0
data/individual_seed_images/all_species\xray\testing\0\Alnus_glutinosa_874.png,0,0
data/individual_seed_images/all_species\xray\testing\0\Alnus_glutinosa_897.png,0,0
data/individual_seed_images/all_species\xray\testing\0\Alnus_glutinosa_935.png,0,0
data/individual_seed_images/all_species\xray\testing\0\Alnus_glutinosa_958.png,0,0
data/individual_seed_images/all_species\xray\testing\0\Alnus_glutinosa_973.png,0,0
data/individual_seed_images/all_species\xray\testing\0\Alnus_glutinosa_976.png,0,0
data/individual_seed_images/all_species\xray\testing\0\Betula_pendula_153.png,1,0
data/individual_seed_images/all_species\xray\testing\0\Betula_pendula_159.png,1,0
data/individual_seed_images/all_species\xray\testing\0\Betula_pendula_183.png,0,0
data/individual_seed_images/all_species\xray\testing\0\Betula_pendula_20.png,0,0
data/individual_seed_images/all_species\xray\testing\0\Betula_pendula_21.png,0,0
data/individual_seed_images/all_species\xray\testing\0\Betula_pendula_283.png,1,0
data/individual_seed_images/all_species\xray\testing\0\Betula_pendula_289.png,1,0
data/individual_seed_images/all_species\xray\testing\0\Betula_pendula_292.png,0,0
data/individual_seed_images/all_species\xray\testing\0\Betula_pendula_318.png,1,0
data/individual_seed_images/all_species\xray\testing\0\Betula_pendula_335.png,0,0
data/individual_seed_images/all_species\xray\testing\0\Betula_pendula_355.png,1,0
data/individual_seed_images/all_species\xray\testing\0\Betula_pendula_385.png,0,0
data/individual_seed_images/all_species\xray\testing\0\Betula_pendula_403.png,1,0
data/individual_seed_images/all_species\xray\testing\0\Betula_pendula_404.png,0,0
data/individual_seed_images/all_species\xray\testing\0\Betula_pendula_42.png,1,0
data/individual_seed_images/all_species\xray\testing\0\Betula_pendula_425.png,1,0
data/individual_seed_images/all_species\xray\testing\0\Betula_pendula_426.png,1,0
data/individual_seed_images/all_species\xray\testing\0\Betula_pendula_469.png,1,0
data/individual_seed_images/all_species\xray\testing\0\Betula_pendula_47.png,1,0
data/individual_seed_images/all_species\xray\testing\0\Betula_pendula_487.png,0,0
data/individual_seed_images/all_species\xray\testing\0\Betula_pendula_49.png,1,0
data/individual_seed_images/all_species\xray\testing\0\Betula_pendula_504.png,1,0
data/individual_seed_images/all_species\xray\testing\0\Betula_pendula_509.png,0,0
data/individual_seed_images/all_species\xray\testing\0\Betula_pendula_516.png,0,0
data/individual_seed_images/all_species\xray\testing\0\Betula_pendula_523.png,1,0
data/individual_seed_images/all_species\xray\testing\0\Betula_pendula_526.png,0,0
data/individual_seed_images/all_species\xray\testing\0\Betula_pendula_54.png,1,0
data/individual_seed_images/all_species\xray\testing\0\Betula_pendula_543.png,0,0
data/individual_seed_images/all_species\xray\testing\0\Betula_pendula_559.png,0,0
data/individual_seed_images/all_species\xray\testing\0\Betula_pendula_563.png,1,0
data/individual_seed_images/all_species\xray\testing\0\Betula_pendula_564.png,0,0
data/individual_seed_images/all_species\xray\testing\0\Betula_pendula_565.png,0,0
data/individual_seed_images/all_species\xray\testing\0\Betula_pendula_568.png,0,0
data/individual_seed_images/all_species\xray\testing\0\Betula_pendula_570.png,0,0
data/individual_seed_images/all_species\xray\testing\0\Betula_pendula_584.png,0,0
data/individual_seed_images/all_species\xray\testing\0\Betula_pendula_587.png,0,0
data/individual_seed_images/all_species\xray\testing\0\Betula_pendula_591.png,0,0
data/individual_seed_images/all_species\xray\testing\0\Betula_pendula_593.png,0,0
data/individual_seed_images/all_species\xray\testing\0\Betula_pendula_595.png,0,0
data/individual_seed_images/all_species\xray\testing\0\Betula_pendula_601.png,0,0
data/individual_seed_images/all_species\xray\testing\0\Betula_pendula_608.png,0,0
data/individual_seed_images/all_species\xray\testing\0\Betula_pendula_614.png,1,0
data/individual_seed_images/all_species\xray\testing\0\Betula_pendula_618.png,0,0
data/individual_seed_images/all_species\xray\testing\0\Betula_pendula_620.png,0,0
data/individual_seed_images/all_species\xray\testing\0\Betula_pendula_625.png,0,0
data/individual_seed_images/all_species\xray\testing\0\Betula_pendula_626.png,1,0
data/individual_seed_images/all_species\xray\testing\0\Betula_pendula_629.png,0,0
data/individual_seed_images/all_species\xray\testing\0\Betula_pendula_630.png,0,0
data/individual_seed_images/all_species\xray\testing\0\Betula_pendula_640.png,0,0
data/individual_seed_images/all_species\xray\testing\0\Betula_pendula_642.png,0,0
data/individual_seed_images/all_species\xray\testing\0\Betula_pendula_679.png,0,0
data/individual_seed_images/all_species\xray\testing\0\Betula_pendula_681.png,1,0
data/individual_seed_images/all_species\xray\testing\0\Betula_pendula_695.png,0,0
data/individual_seed_images/all_species\xray\testing\0\Betula_pendula_703.png,0,0
data/individual_seed_images/all_species\xray\testing\0\Betula_pendula_705.png,1,0
data/individual_seed_images/all_species\xray\testing\0\Betula_pendula_725.png,1,0
data/individual_seed_images/all_species\xray\testing\0\Betula_pendula_727.png,0,0
data/individual_seed_images/all_species\xray\testing\0\Betula_pendula_762.png,1,0
data/individual_seed_images/all_species\xray\testing\0\Betula_pendula_773.png,0,0
data/individual_seed_images/all_species\xray\testing\0\Betula_pendula_791.png,1,0
data/individual_seed_images/all_species\xray\testing\0\Betula_pendula_800.png,1,0
data/individual_seed_images/all_species\xray\testing\0\Betula_pendula_804.png,1,0
data/individual_seed_images/all_species\xray\testing\0\Betula_pendula_814.png,1,0
data/individual_seed_images/all_species\xray\testing\0\Betula_pendula_826.png,0,0
data/individual_seed_images/all_species\xray\testing\0\Betula_pendula_832.png,0,0
data/individual_seed_images/all_species\xray\testing\0\Betula_pendula_837.png,1,0
data/individual_seed_images/all_species\xray\testing\0\Betula_pendula_850.png,0,0
data/individual_seed_images/all_species\xray\testing\0\Betula_pendula_851.png,0,0
data/individual_seed_images/all_species\xray\testing\0\Betula_pendula_855.png,0,0
data/individual_seed_images/all_species\xray\testing\0\Betula_pendula_858.png,1,0
data/individual_seed_images/all_species\xray\testing\0\Betula_pendula_885.png,0,0
data/individual_seed_images/all_species\xray\testing\0\Betula_pendula_923.png,0,0
data/individual_seed_images/all_species\xray\testing\0\Betula_pendula_934.png,1,0
data/individual_seed_images/all_species\xray\testing\0\Betula_pendula_943.png,1,0
data/individual_seed_images/all_species\xray\testing\0\Betula_pendula_992.png,1,0
data/individual_seed_images/all_species\xray\testing\0\Betula_pubescens_11.png,1,0
data/individual_seed_images/all_species\xray\testing\0\Betula_pubescens_126.png,1,0
data/individual_seed_images/all_species\xray\testing\0\Betula_pubescens_160.png,1,0
data/individual_seed_images/all_species\xray\testing\0\Betula_pubescens_178.png,0,0
data/individual_seed_images/all_species\xray\testing\0\Betula_pubescens_199.png,1,0
data/individual_seed_images/all_species\xray\testing\0\Betula_pubescens_204.png,1,0
data/individual_seed_images/all_species\xray\testing\0\Betula_pubescens_218.png,0,0
data/individual_seed_images/all_species\xray\testing\0\Betula_pubescens_225.png,0,0
data/individual_seed_images/all_species\xray\testing\0\Betula_pubescens_233.png,1,0
data/individual_seed_images/all_species\xray\testing\0\Betula_pubescens_235.png,1,0
data/individual_seed_images/all_species\xray\testing\0\Betula_pubescens_236.png,0,0
data/individual_seed_images/all_species\xray\testing\0\Betula_pubescens_238.png,0,0
data/individual_seed_images/all_species\xray\testing\0\Betula_pubescens_241.png,1,0
data/individual_seed_images/all_species\xray\testing\0\Betula_pubescens_242.png,1,0
data/individual_seed_images/all_species\xray\testing\0\Betula_pubescens_265.png,0,0
data/individual_seed_images/all_species\xray\testing\0\Betula_pubescens_271.png,1,0
data/individual_seed_images/all_species\xray\testing\0\Betula_pubescens_289.png,1,0
data/individual_seed_images/all_species\xray\testing\0\Betula_pubescens_295.png,1,0
data/individual_seed_images/all_species\xray\testing\0\Betula_pubescens_325.png,1,0
data/individual_seed_images/all_species\xray\testing\0\Betula_pubescens_335.png,0,0
data/individual_seed_images/all_species\xray\testing\0\Betula_pubescens_34.png,1,0
data/individual_seed_images/all_species\xray\testing\0\Betula_pubescens_345.png,0,0
data/individual_seed_images/all_species\xray\testing\0\Betula_pubescens_351.png,1,0
data/individual_seed_images/all_species\xray\testing\0\Betula_pubescens_361.png,0,0
data/individual_seed_images/all_species\xray\testing\0\Betula_pubescens_366.png,1,0
data/individual_seed_images/all_species\xray\testing\0\Betula_pubescens_386.png,1,0
data/individual_seed_images/all_species\xray\testing\0\Betula_pubescens_388.png,0,0
data/individual_seed_images/all_species\xray\testing\0\Betula_pubescens_392.png,1,0
data/individual_seed_images/all_species\xray\testing\0\Betula_pubescens_4.png,1,0
data/individual_seed_images/all_species\xray\testing\0\Betula_pubescens_405.png,0,0
data/individual_seed_images/all_species\xray\testing\0\Betula_pubescens_429.png,1,0
data/individual_seed_images/all_species\xray\testing\0\Betula_pubescens_455.png,1,0
data/individual_seed_images/all_species\xray\testing\0\Betula_pubescens_459.png,0,0
data/individual_seed_images/all_species\xray\testing\0\Betula_pubescens_462.png,0,0
data/individual_seed_images/all_species\xray\testing\0\Betula_pubescens_489.png,0,0
data/individual_seed_images/all_species\xray\testing\0\Betula_pubescens_497.png,0,0
data/individual_seed_images/all_species\xray\testing\0\Betula_pubescens_510.png,0,0
data/individual_seed_images/all_species\xray\testing\0\Betula_pubescens_532.png,1,0
data/individual_seed_images/all_species\xray\testing\0\Betula_pubescens_54.png,1,0
data/individual_seed_images/all_species\xray\testing\0\Betula_pubescens_546.png,1,0
data/individual_seed_images/all_species\xray\testing\0\Betula_pubescens_549.png,0,0
data/individual_seed_images/all_species\xray\testing\0\Betula_pubescens_553.png,0,0
data/individual_seed_images/all_species\xray\testing\0\Betula_pubescens_554.png,1,0
data/individual_seed_images/all_species\xray\testing\0\Betula_pubescens_559.png,1,0
data/individual_seed_images/all_species\xray\testing\0\Betula_pubescens_567.png,0,0
data/individual_seed_images/all_species\xray\testing\0\Betula_pubescens_620.png,1,0
data/individual_seed_images/all_species\xray\testing\0\Betula_pubescens_624.png,1,0
data/individual_seed_images/all_species\xray\testing\0\Betula_pubescens_647.png,1,0
data/individual_seed_images/all_species\xray\testing\0\Betula_pubescens_675.png,1,0
data/individual_seed_images/all_species\xray\testing\0\Betula_pubescens_676.png,1,0
data/individual_seed_images/all_species\xray\testing\0\Betula_pubescens_696.png,1,0
data/individual_seed_images/all_species\xray\testing\0\Betula_pubescens_702.png,0,0
data/individual_seed_images/all_species\xray\testing\0\Betula_pubescens_703.png,1,0
data/individual_seed_images/all_species\xray\testing\0\Betula_pubescens_717.png,1,0
data/individual_seed_images/all_species\xray\testing\0\Betula_pubescens_722.png,1,0
data/individual_seed_images/all_species\xray\testing\0\Betula_pubescens_728.png,1,0
data/individual_seed_images/all_species\xray\testing\0\Betula_pubescens_733.png,1,0
data/individual_seed_images/all_species\xray\testing\0\Betula_pubescens_755.png,1,0
data/individual_seed_images/all_species\xray\testing\0\Betula_pubescens_759.png,0,0
data/individual_seed_images/all_species\xray\testing\0\Betula_pubescens_760.png,0,0
data/individual_seed_images/all_species\xray\testing\0\Betula_pubescens_770.png,0,0
data/individual_seed_images/all_species\xray\testing\0\Betula_pubescens_802.png,1,0
data/individual_seed_images/all_species\xray\testing\0\Betula_pubescens_805.png,1,0
data/individual_seed_images/all_species\xray\testing\0\Betula_pubescens_843.png,1,0
data/individual_seed_images/all_species\xray\testing\0\Betula_pubescens_86.png,1,0
data/individual_seed_images/all_species\xray\testing\0\Betula_pubescens_879.png,0,0
data/individual_seed_images/all_species\xray\testing\0\Betula_pubescens_892.png,0,0
data/individual_seed_images/all_species\xray\testing\0\Betula_pubescens_899.png,0,0
data/individual_seed_images/all_species\xray\testing\0\Betula_pubescens_912.png,0,0
data/individual_seed_images/all_species\xray\testing\0\Betula_pubescens_914.png,0,0
data/individual_seed_images/all_species\xray\testing\0\Betula_pubescens_915.png,0,0
data/individual_seed_images/all_species\xray\testing\0\Betula_pubescens_927.png,1,0
data/individual_seed_images/all_species\xray\testing\0\Betula_pubescens_946.png,1,0
data/individual_seed_images/all_species\xray\testing\0\Betula_pubescens_950.png,0,0
data/individual_seed_images/all_species\xray\testing\0\Betula_pubescens_953.png,1,0
data/individual_seed_images/all_species\xray\testing\0\Betula_pubescens_981.png,1,0
data/individual_seed_images/all_species\xray\testing\0\Pinus_sylvestris_134.png,1,0
data/individual_seed_images/all_species\xray\testing\0\Pinus_sylvestris_137.png,1,0
data/individual_seed_images/all_species\xray\testing\0\Pinus_sylvestris_148.png,1,0
data/individual_seed_images/all_species\xray\testing\0\Pinus_sylvestris_149.png,1,0
data/individual_seed_images/all_species\xray\testing\0\Pinus_sylvestris_158.png,1,0
data/individual_seed_images/all_species\xray\testing\0\Pinus_sylvestris_228.png,1,0
data/individual_seed_images/all_species\xray\testing\0\Pinus_sylvestris_229.png,1,0
data/individual_seed_images/all_species\xray\testing\0\Pinus_sylvestris_231.png,1,0
data/individual_seed_images/all_species\xray\testing\0\Pinus_sylvestris_243.png,1,0
data/individual_seed_images/all_species\xray\testing\0\Pinus_sylvestris_252.png,1,0
data/individual_seed_images/all_species\xray\testing\0\Pinus_sylvestris_26.png,1,0
data/individual_seed_images/all_species\xray\testing\0\Pinus_sylvestris_261.png,0,0
data/individual_seed_images/all_species\xray\testing\0\Pinus_sylvestris_269.png,1,0
data/individual_seed_images/all_species\xray\testing\0\Pinus_sylvestris_27.png,1,0
data/individual_seed_images/all_species\xray\testing\0\Pinus_sylvestris_320.png,0,0
data/individual_seed_images/all_species\xray\testing\0\Pinus_sylvestris_335.png,1,0
data/individual_seed_images/all_species\xray\testing\0\Pinus_sylvestris_35.png,1,0
data/individual_seed_images/all_species\xray\testing\0\Pinus_sylvestris_390.png,1,0
data/individual_seed_images/all_species\xray\testing\0\Pinus_sylvestris_427.png,1,0
data/individual_seed_images/all_species\xray\testing\0\Pinus_sylvestris_438.png,1,0
data/individual_seed_images/all_species\xray\testing\0\Pinus_sylvestris_439.png,1,0
data/individual_seed_images/all_species\xray\testing\0\Pinus_sylvestris_450.png,1,0
data/individual_seed_images/all_species\xray\testing\0\Pinus_sylvestris_480.png,0,0
data/individual_seed_images/all_species\xray\testing\0\Pinus_sylvestris_51.png,1,0
data/individual_seed_images/all_species\xray\testing\0\Pinus_sylvestris_514.png,1,0
data/individual_seed_images/all_species\xray\testing\0\Pinus_sylvestris_57.png,1,0
data/individual_seed_images/all_species\xray\testing\0\Pinus_sylvestris_573.png,1,0
data/individual_seed_images/all_species\xray\testing\0\Pinus_sylvestris_587.png,0,0
data/individual_seed_images/all_species\xray\testing\0\Pinus_sylvestris_6.png,1,0
data/individual_seed_images/all_species\xray\testing\0\Pinus_sylvestris_63.png,1,0
data/individual_seed_images/all_species\xray\testing\0\Pinus_sylvestris_631.png,1,0
data/individual_seed_images/all_species\xray\testing\0\Pinus_sylvestris_648.png,1,0
data/individual_seed_images/all_species\xray\testing\0\Pinus_sylvestris_657.png,1,0
data/individual_seed_images/all_species\xray\testing\0\Pinus_sylvestris_666.png,1,0
data/individual_seed_images/all_species\xray\testing\0\Pinus_sylvestris_674.png,0,0
data/individual_seed_images/all_species\xray\testing\0\Pinus_sylvestris_705.png,0,0
data/individual_seed_images/all_species\xray\testing\0\Pinus_sylvestris_709.png,0,0
data/individual_seed_images/all_species\xray\testing\0\Pinus_sylvestris_710.png,0,0
data/individual_seed_images/all_species\xray\testing\0\Pinus_sylvestris_72.png,1,0
data/individual_seed_images/all_species\xray\testing\0\Pinus_sylvestris_726.png,1,0
data/individual_seed_images/all_species\xray\testing\0\Pinus_sylvestris_735.png,0,0
data/individual_seed_images/all_species\xray\testing\0\Pinus_sylvestris_742.png,0,0
data/individual_seed_images/all_species\xray\testing\0\Pinus_sylvestris_744.png,0,0
data/individual_seed_images/all_species\xray\testing\0\Pinus_sylvestris_761.png,1,0
data/individual_seed_images/all_species\xray\testing\0\Pinus_sylvestris_777.png,0,0
data/individual_seed_images/all_species\xray\testing\0\Pinus_sylvestris_804.png,0,0
data/individual_seed_images/all_species\xray\testing\0\Pinus_sylvestris_808.png,0,0
data/individual_seed_images/all_species\xray\testing\0\Pinus_sylvestris_810.png,0,0
data/individual_seed_images/all_species\xray\testing\0\Pinus_sylvestris_811.png,0,0
data/individual_seed_images/all_species\xray\testing\0\Pinus_sylvestris_826.png,0,0
data/individual_seed_images/all_species\xray\testing\0\Pinus_sylvestris_832.png,0,0
data/individual_seed_images/all_species\xray\testing\0\Pinus_sylvestris_837.png,0,0
data/individual_seed_images/all_species\xray\testing\0\Pinus_sylvestris_838.png,0,0
data/individual_seed_images/all_species\xray\testing\0\Pinus_sylvestris_842.png,0,0
data/individual_seed_images/all_species\xray\testing\0\Pinus_sylvestris_843.png,0,0
data/individual_seed_images/all_species\xray\testing\0\Pinus_sylvestris_846.png,0,0
data/individual_seed_images/all_species\xray\testing\0\Pinus_sylvestris_849.png,0,0
data/individual_seed_images/all_species\xray\testing\0\Pinus_sylvestris_9.png,1,0
data/individual_seed_images/all_species\xray\testing\0\Pinus_sylvestris_907.png,1,0
data/individual_seed_images/all_species\xray\testing\0\Pinus_sylvestris_908.png,1,0
data/individual_seed_images/all_species\xray\testing\0\Pinus_sylvestris_939.png,1,0
data/individual_seed_images/all_species\xray\testing\0\Pinus_sylvestris_969.png,0,0
data/individual_seed_images/all_species\xray\testing\0\Sorbus_aucuparia_105.png,1,0
data/individual_seed_images/all_species\xray\testing\0\Sorbus_aucuparia_190.png,1,0
data/individual_seed_images/all_species\xray\testing\0\Sorbus_aucuparia_192.png,1,0
data/individual_seed_images/all_species\xray\testing\0\Sorbus_aucuparia_26.png,1,0
data/individual_seed_images/all_species\xray\testing\0\Sorbus_aucuparia_325.png,1,0
data/individual_seed_images/all_species\xray\testing\0\Sorbus_aucuparia_34.png,1,0
data/individual_seed_images/all_species\xray\testing\0\Sorbus_aucuparia_455.png,1,0
data/individual_seed_images/all_species\xray\testing\0\Sorbus_aucuparia_604.png,1,0
data/individual_seed_images/all_species\xray\testing\0\Sorbus_aucuparia_756.png,1,0
data/individual_seed_images/all_species\xray\testing\0\Sorbus_aucuparia_769.png,1,0
data/individual_seed_images/all_species\xray\testing\0\Sorbus_aucuparia_814.png,1,0
data/individual_seed_images/all_species\xray\testing\0\Sorbus_aucuparia_931.png,1,0
data/individual_seed_images/all_species\xray\testing\0\Sorbus_aucuparia_966.png,1,0
data/individual_seed_images/all_species\xray\testing\0\Sorbus_aucuparia_985.png,0,0
data/individual_seed_images/all_species\xray\testing\1\Alnus_glutinosa_100.png,1,1
data/individual_seed_images/all_species\xray\testing\1\Alnus_glutinosa_117.png,1,1
data/individual_seed_images/all_species\xray\testing\1\Alnus_glutinosa_124.png,1,1
data/individual_seed_images/all_species\xray\testing\1\Alnus_glutinosa_129.png,1,1
data/individual_seed_images/all_species\xray\testing\1\Alnus_glutinosa_140.png,1,1
data/individual_seed_images/all_species\xray\testing\1\Alnus_glutinosa_141.png,1,1
data/individual_seed_images/all_species\xray\testing\1\Alnus_glutinosa_146.png,1,1
data/individual_seed_images/all_species\xray\testing\1\Alnus_glutinosa_158.png,1,1
data/individual_seed_images/all_species\xray\testing\1\Alnus_glutinosa_162.png,1,1
data/individual_seed_images/all_species\xray\testing\1\Alnus_glutinosa_170.png,1,1
data/individual_seed_images/all_species\xray\testing\1\Alnus_glutinosa_177.png,1,1
data/individual_seed_images/all_species\xray\testing\1\Alnus_glutinosa_180.png,1,1
data/individual_seed_images/all_species\xray\testing\1\Alnus_glutinosa_185.png,1,1
data/individual_seed_images/all_species\xray\testing\1\Alnus_glutinosa_186.png,1,1
data/individual_seed_images/all_species\xray\testing\1\Alnus_glutinosa_190.png,1,1
data/individual_seed_images/all_species\xray\testing\1\Alnus_glutinosa_191.png,1,1
data/individual_seed_images/all_species\xray\testing\1\Alnus_glutinosa_203.png,1,1
data/individual_seed_images/all_species\xray\testing\1\Alnus_glutinosa_210.png,1,1
data/individual_seed_images/all_species\xray\testing\1\Alnus_glutinosa_212.png,1,1
data/individual_seed_images/all_species\xray\testing\1\Alnus_glutinosa_227.png,1,1
data/individual_seed_images/all_species\xray\testing\1\Alnus_glutinosa_233.png,1,1
data/individual_seed_images/all_species\xray\testing\1\Alnus_glutinosa_236.png,1,1
data/individual_seed_images/all_species\xray\testing\1\Alnus_glutinosa_240.png,1,1
data/individual_seed_images/all_species\xray\testing\1\Alnus_glutinosa_241.png,1,1
data/individual_seed_images/all_species\xray\testing\1\Alnus_glutinosa_242.png,1,1
data/individual_seed_images/all_species\xray\testing\1\Alnus_glutinosa_246.png,1,1
data/individual_seed_images/all_species\xray\testing\1\Alnus_glutinosa_251.png,1,1
data/individual_seed_images/all_species\xray\testing\1\Alnus_glutinosa_260.png,1,1
data/individual_seed_images/all_species\xray\testing\1\Alnus_glutinosa_267.png,1,1
data/individual_seed_images/all_species\xray\testing\1\Alnus_glutinosa_281.png,1,1
data/individual_seed_images/all_species\xray\testing\1\Alnus_glutinosa_287.png,1,1
data/individual_seed_images/all_species\xray\testing\1\Alnus_glutinosa_302.png,1,1
data/individual_seed_images/all_species\xray\testing\1\Alnus_glutinosa_303.png,1,1
data/individual_seed_images/all_species\xray\testing\1\Alnus_glutinosa_305.png,1,1
data/individual_seed_images/all_species\xray\testing\1\Alnus_glutinosa_324.png,1,1
data/individual_seed_images/all_species\xray\testing\1\Alnus_glutinosa_328.png,1,1
data/individual_seed_images/all_species\xray\testing\1\Alnus_glutinosa_334.png,1,1
data/individual_seed_images/all_species\xray\testing\1\Alnus_glutinosa_350.png,1,1
data/individual_seed_images/all_species\xray\testing\1\Alnus_glutinosa_352.png,1,1
data/individual_seed_images/all_species\xray\testing\1\Alnus_glutinosa_355.png,1,1
data/individual_seed_images/all_species\xray\testing\1\Alnus_glutinosa_36.png,1,1
data/individual_seed_images/all_species\xray\testing\1\Alnus_glutinosa_360.png,1,1
data/individual_seed_images/all_species\xray\testing\1\Alnus_glutinosa_361.png,1,1
data/individual_seed_images/all_species\xray\testing\1\Alnus_glutinosa_365.png,1,1
data/individual_seed_images/all_species\xray\testing\1\Alnus_glutinosa_368.png,1,1
data/individual_seed_images/all_species\xray\testing\1\Alnus_glutinosa_37.png,1,1
data/individual_seed_images/all_species\xray\testing\1\Alnus_glutinosa_380.png,1,1
data/individual_seed_images/all_species\xray\testing\1\Alnus_glutinosa_385.png,1,1
data/individual_seed_images/all_species\xray\testing\1\Alnus_glutinosa_390.png,1,1
data/individual_seed_images/all_species\xray\testing\1\Alnus_glutinosa_404.png,1,1
data/individual_seed_images/all_species\xray\testing\1\Alnus_glutinosa_407.png,1,1
data/individual_seed_images/all_species\xray\testing\1\Alnus_glutinosa_41.png,1,1
data/individual_seed_images/all_species\xray\testing\1\Alnus_glutinosa_429.png,1,1
data/individual_seed_images/all_species\xray\testing\1\Alnus_glutinosa_44.png,1,1
data/individual_seed_images/all_species\xray\testing\1\Alnus_glutinosa_441.png,1,1
data/individual_seed_images/all_species\xray\testing\1\Alnus_glutinosa_454.png,1,1
data/individual_seed_images/all_species\xray\testing\1\Alnus_glutinosa_455.png,1,1
data/individual_seed_images/all_species\xray\testing\1\Alnus_glutinosa_458.png,1,1
data/individual_seed_images/all_species\xray\testing\1\Alnus_glutinosa_459.png,1,1
data/individual_seed_images/all_species\xray\testing\1\Alnus_glutinosa_460.png,1,1
data/individual_seed_images/all_species\xray\testing\1\Alnus_glutinosa_466.png,1,1
data/individual_seed_images/all_species\xray\testing\1\Alnus_glutinosa_476.png,1,1
data/individual_seed_images/all_species\xray\testing\1\Alnus_glutinosa_479.png,1,1
data/individual_seed_images/all_species\xray\testing\1\Alnus_glutinosa_482.png,1,1
data/individual_seed_images/all_species\xray\testing\1\Alnus_glutinosa_483.png,1,1
data/individual_seed_images/all_species\xray\testing\1\Alnus_glutinosa_484.png,1,1
data/individual_seed_images/all_species\xray\testing\1\Alnus_glutinosa_485.png,1,1
data/individual_seed_images/all_species\xray\testing\1\Alnus_glutinosa_493.png,1,1
data/individual_seed_images/all_species\xray\testing\1\Alnus_glutinosa_499.png,1,1
data/individual_seed_images/all_species\xray\testing\1\Alnus_glutinosa_501.png,1,1
data/individual_seed_images/all_species\xray\testing\1\Alnus_glutinosa_509.png,1,1
data/individual_seed_images/all_species\xray\testing\1\Alnus_glutinosa_520.png,1,1
data/individual_seed_images/all_species\xray\testing\1\Alnus_glutinosa_526.png,1,1
data/individual_seed_images/all_species\xray\testing\1\Alnus_glutinosa_528.png,1,1
data/individual_seed_images/all_species\xray\testing\1\Alnus_glutinosa_565.png,1,1
data/individual_seed_images/all_species\xray\testing\1\Alnus_glutinosa_59.png,1,1
data/individual_seed_images/all_species\xray\testing\1\Alnus_glutinosa_591.png,1,1
data/individual_seed_images/all_species\xray\testing\1\Alnus_glutinosa_592.png,1,1
data/individual_seed_images/all_species\xray\testing\1\Alnus_glutinosa_603.png,1,1
data/individual_seed_images/all_species\xray\testing\1\Alnus_glutinosa_604.png,1,1
data/individual_seed_images/all_species\xray\testing\1\Alnus_glutinosa_614.png,1,1
data/individual_seed_images/all_species\xray\testing\1\Alnus_glutinosa_615.png,1,1
data/individual_seed_images/all_species\xray\testing\1\Alnus_glutinosa_624.png,1,1
data/individual_seed_images/all_species\xray\testing\1\Alnus_glutinosa_626.png,1,1
data/individual_seed_images/all_species\xray\testing\1\Alnus_glutinosa_641.png,1,1
data/individual_seed_images/all_species\xray\testing\1\Alnus_glutinosa_642.png,1,1
data/individual_seed_images/all_species\xray\testing\1\Alnus_glutinosa_643.png,1,1
data/individual_seed_images/all_species\xray\testing\1\Alnus_glutinosa_645.png,1,1
data/individual_seed_images/all_species\xray\testing\1\Alnus_glutinosa_650.png,1,1
data/individual_seed_images/all_species\xray\testing\1\Alnus_glutinosa_651.png,1,1
data/individual_seed_images/all_species\xray\testing\1\Alnus_glutinosa_652.png,1,1
data/individual_seed_images/all_species\xray\testing\1\Alnus_glutinosa_660.png,1,1
data/individual_seed_images/all_species\xray\testing\1\Alnus_glutinosa_664.png,1,1
data/individual_seed_images/all_species\xray\testing\1\Alnus_glutinosa_673.png,1,1
data/individual_seed_images/all_species\xray\testing\1\Alnus_glutinosa_675.png,1,1
data/individual_seed_images/all_species\xray\testing\1\Alnus_glutinosa_680.png,1,1
data/individual_seed_images/all_species\xray\testing\1\Alnus_glutinosa_692.png,1,1
data/individual_seed_images/all_species\xray\testing\1\Alnus_glutinosa_702.png,1,1
data/individual_seed_images/all_species\xray\testing\1\Alnus_glutinosa_703.png,1,1
data/individual_seed_images/all_species\xray\testing\1\Alnus_glutinosa_717.png,1,1
data/individual_seed_images/all_species\xray\testing\1\Alnus_glutinosa_721.png,1,1
data/individual_seed_images/all_species\xray\testing\1\Alnus_glutinosa_722.png,1,1
data/individual_seed_images/all_species\xray\testing\1\Alnus_glutinosa_723.png,1,1
data/individual_seed_images/all_species\xray\testing\1\Alnus_glutinosa_727.png,1,1
data/individual_seed_images/all_species\xray\testing\1\Alnus_glutinosa_729.png,1,1
data/individual_seed_images/all_species\xray\testing\1\Alnus_glutinosa_738.png,1,1
data/individual_seed_images/all_species\xray\testing\1\Alnus_glutinosa_749.png,1,1
data/individual_seed_images/all_species\xray\testing\1\Alnus_glutinosa_753.png,1,1
data/individual_seed_images/all_species\xray\testing\1\Alnus_glutinosa_759.png,1,1
data/individual_seed_images/all_species\xray\testing\1\Alnus_glutinosa_762.png,1,1
data/individual_seed_images/all_species\xray\testing\1\Alnus_glutinosa_774.png,1,1
data/individual_seed_images/all_species\xray\testing\1\Alnus_glutinosa_776.png,1,1
data/individual_seed_images/all_species\xray\testing\1\Alnus_glutinosa_782.png,1,1
data/individual_seed_images/all_species\xray\testing\1\Alnus_glutinosa_783.png,1,1
data/individual_seed_images/all_species\xray\testing\1\Alnus_glutinosa_785.png,1,1
data/individual_seed_images/all_species\xray\testing\1\Alnus_glutinosa_789.png,1,1
data/individual_seed_images/all_species\xray\testing\1\Alnus_glutinosa_794.png,1,1
data/individual_seed_images/all_species\xray\testing\1\Alnus_glutinosa_795.png,1,1
data/individual_seed_images/all_species\xray\testing\1\Alnus_glutinosa_800.png,1,1
data/individual_seed_images/all_species\xray\testing\1\Alnus_glutinosa_803.png,1,1
data/individual_seed_images/all_species\xray\testing\1\Alnus_glutinosa_805.png,1,1
data/individual_seed_images/all_species\xray\testing\1\Alnus_glutinosa_815.png,1,1
data/individual_seed_images/all_species\xray\testing\1\Alnus_glutinosa_827.png,1,1
data/individual_seed_images/all_species\xray\testing\1\Alnus_glutinosa_84.png,1,1
data/individual_seed_images/all_species\xray\testing\1\Alnus_glutinosa_860.png,1,1
data/individual_seed_images/all_species\xray\testing\1\Alnus_glutinosa_863.png,1,1
data/individual_seed_images/all_species\xray\testing\1\Alnus_glutinosa_864.png,1,1
data/individual_seed_images/all_species\xray\testing\1\Alnus_glutinosa_866.png,1,1
data/individual_seed_images/all_species\xray\testing\1\Alnus_glutinosa_873.png,1,1
data/individual_seed_images/all_species\xray\testing\1\Alnus_glutinosa_880.png,1,1
data/individual_seed_images/all_species\xray\testing\1\Alnus_glutinosa_882.png,1,1
data/individual_seed_images/all_species\xray\testing\1\Alnus_glutinosa_886.png,1,1
data/individual_seed_images/all_species\xray\testing\1\Alnus_glutinosa_888.png,1,1
data/individual_seed_images/all_species\xray\testing\1\Alnus_glutinosa_90.png,1,1
data/individual_seed_images/all_species\xray\testing\1\Alnus_glutinosa_902.png,1,1
data/individual_seed_images/all_species\xray\testing\1\Alnus_glutinosa_904.png,1,1
data/individual_seed_images/all_species\xray\testing\1\Alnus_glutinosa_908.png,1,1
data/individual_seed_images/all_species\xray\testing\1\Alnus_glutinosa_944.png,1,1
data/individual_seed_images/all_species\xray\testing\1\Alnus_glutinosa_949.png,1,1
data/individual_seed_images/all_species\xray\testing\1\Alnus_glutinosa_95.png,1,1
data/individual_seed_images/all_species\xray\testing\1\Alnus_glutinosa_952.png,1,1
data/individual_seed_images/all_species\xray\testing\1\Alnus_glutinosa_956.png,1,1
data/individual_seed_images/all_species\xray\testing\1\Alnus_glutinosa_957.png,1,1
data/individual_seed_images/all_species\xray\testing\1\Alnus_glutinosa_96.png,1,1
data/individual_seed_images/all_species\xray\testing\1\Alnus_glutinosa_960.png,1,1
data/individual_seed_images/all_species\xray\testing\1\Alnus_glutinosa_963.png,1,1
data/individual_seed_images/all_species\xray\testing\1\Alnus_glutinosa_964.png,1,1
data/individual_seed_images/all_species\xray\testing\1\Alnus_glutinosa_969.png,1,1
data/individual_seed_images/all_species\xray\testing\1\Alnus_glutinosa_970.png,1,1
data/individual_seed_images/all_species\xray\testing\1\Alnus_glutinosa_980.png,1,1
data/individual_seed_images/all_species\xray\testing\1\Alnus_glutinosa_981.png,1,1
data/individual_seed_images/all_species\xray\testing\1\Alnus_glutinosa_999.png,1,1
data/individual_seed_images/all_species\xray\testing\1\Betula_pendula_10.png,1,1
data/individual_seed_images/all_species\xray\testing\1\Betula_pendula_1000.png,1,1
data/individual_seed_images/all_species\xray\testing\1\Betula_pendula_1006.png,1,1
data/individual_seed_images/all_species\xray\testing\1\Betula_pendula_1009.png,1,1
data/individual_seed_images/all_species\xray\testing\1\Betula_pendula_108.png,1,1
data/individual_seed_images/all_species\xray\testing\1\Betula_pendula_116.png,1,1
data/individual_seed_images/all_species\xray\testing\1\Betula_pendula_121.png,1,1
data/individual_seed_images/all_species\xray\testing\1\Betula_pendula_127.png,1,1
data/individual_seed_images/all_species\xray\testing\1\Betula_pendula_13.png,1,1
data/individual_seed_images/all_species\xray\testing\1\Betula_pendula_131.png,1,1
data/individual_seed_images/all_species\xray\testing\1\Betula_pendula_143.png,1,1
data/individual_seed_images/all_species\xray\testing\1\Betula_pendula_146.png,1,1
data/individual_seed_images/all_species\xray\testing\1\Betula_pendula_15.png,1,1
data/individual_seed_images/all_species\xray\testing\1\Betula_pendula_151.png,1,1
data/individual_seed_images/all_species\xray\testing\1\Betula_pendula_155.png,1,1
data/individual_seed_images/all_species\xray\testing\1\Betula_pendula_158.png,1,1
data/individual_seed_images/all_species\xray\testing\1\Betula_pendula_168.png,1,1
data/individual_seed_images/all_species\xray\testing\1\Betula_pendula_173.png,1,1
data/individual_seed_images/all_species\xray\testing\1\Betula_pendula_177.png,1,1
data/individual_seed_images/all_species\xray\testing\1\Betula_pendula_18.png,1,1
data/individual_seed_images/all_species\xray\testing\1\Betula_pendula_200.png,1,1
data/individual_seed_images/all_species\xray\testing\1\Betula_pendula_207.png,1,1
data/individual_seed_images/all_species\xray\testing\1\Betula_pendula_209.png,1,1
data/individual_seed_images/all_species\xray\testing\1\Betula_pendula_212.png,1,1
data/individual_seed_images/all_species\xray\testing\1\Betula_pendula_214.png,1,1
data/individual_seed_images/all_species\xray\testing\1\Betula_pendula_215.png,1,1
data/individual_seed_images/all_species\xray\testing\1\Betula_pendula_217.png,1,1
data/individual_seed_images/all_species\xray\testing\1\Betula_pendula_227.png,1,1
data/individual_seed_images/all_species\xray\testing\1\Betula_pendula_229.png,1,1
data/individual_seed_images/all_species\xray\testing\1\Betula_pendula_231.png,1,1
data/individual_seed_images/all_species\xray\testing\1\Betula_pendula_232.png,1,1
data/individual_seed_images/all_species\xray\testing\1\Betula_pendula_233.png,1,1
data/individual_seed_images/all_species\xray\testing\1\Betula_pendula_234.png,1,1
data/individual_seed_images/all_species\xray\testing\1\Betula_pendula_237.png,1,1
data/individual_seed_images/all_species\xray\testing\1\Betula_pendula_245.png,1,1
data/individual_seed_images/all_species\xray\testing\1\Betula_pendula_250.png,1,1
data/individual_seed_images/all_species\xray\testing\1\Betula_pendula_266.png,1,1
data/individual_seed_images/all_species\xray\testing\1\Betula_pendula_27.png,1,1
data/individual_seed_images/all_species\xray\testing\1\Betula_pendula_288.png,1,1
data/individual_seed_images/all_species\xray\testing\1\Betula_pendula_295.png,1,1
data/individual_seed_images/all_species\xray\testing\1\Betula_pendula_306.png,1,1
data/individual_seed_images/all_species\xray\testing\1\Betula_pendula_307.png,1,1
data/individual_seed_images/all_species\xray\testing\1\Betula_pendula_310.png,1,1
data/individual_seed_images/all_species\xray\testing\1\Betula_pendula_312.png,1,1
data/individual_seed_images/all_species\xray\testing\1\Betula_pendula_341.png,1,1
data/individual_seed_images/all_species\xray\testing\1\Betula_pendula_342.png,1,1
data/individual_seed_images/all_species\xray\testing\1\Betula_pendula_35.png,1,1
data/individual_seed_images/all_species\xray\testing\1\Betula_pendula_350.png,1,1
data/individual_seed_images/all_species\xray\testing\1\Betula_pendula_353.png,1,1
data/individual_seed_images/all_species\xray\testing\1\Betula_pendula_356.png,1,1
data/individual_seed_images/all_species\xray\testing\1\Betula_pendula_363.png,1,1
data/individual_seed_images/all_species\xray\testing\1\Betula_pendula_365.png,1,1
data/individual_seed_images/all_species\xray\testing\1\Betula_pendula_377.png,1,1
data/individual_seed_images/all_species\xray\testing\1\Betula_pendula_382.png,1,1
data/individual_seed_images/all_species\xray\testing\1\Betula_pendula_393.png,1,1
data/individual_seed_images/all_species\xray\testing\1\Betula_pendula_401.png,1,1
data/individual_seed_images/all_species\xray\testing\1\Betula_pendula_415.png,1,1
data/individual_seed_images/all_species\xray\testing\1\Betula_pendula_417.png,1,1
data/individual_seed_images/all_species\xray\testing\1\Betula_pendula_438.png,0,1
data/individual_seed_images/all_species\xray\testing\1\Betula_pendula_450.png,1,1
data/individual_seed_images/all_species\xray\testing\1\Betula_pendula_454.png,1,1
data/individual_seed_images/all_species\xray\testing\1\Betula_pendula_455.png,1,1
data/individual_seed_images/all_species\xray\testing\1\Betula_pendula_457.png,1,1
data/individual_seed_images/all_species\xray\testing\1\Betula_pendula_458.png,1,1
data/individual_seed_images/all_species\xray\testing\1\Betula_pendula_463.png,1,1
data/individual_seed_images/all_species\xray\testing\1\Betula_pendula_465.png,1,1
data/individual_seed_images/all_species\xray\testing\1\Betula_pendula_467.png,1,1
data/individual_seed_images/all_species\xray\testing\1\Betula_pendula_473.png,1,1
data/individual_seed_images/all_species\xray\testing\1\Betula_pendula_476.png,1,1
data/individual_seed_images/all_species\xray\testing\1\Betula_pendula_477.png,1,1
data/individual_seed_images/all_species\xray\testing\1\Betula_pendula_48.png,1,1
data/individual_seed_images/all_species\xray\testing\1\Betula_pendula_490.png,1,1
data/individual_seed_images/all_species\xray\testing\1\Betula_pendula_496.png,1,1
data/individual_seed_images/all_species\xray\testing\1\Betula_pendula_505.png,1,1
data/individual_seed_images/all_species\xray\testing\1\Betula_pendula_533.png,1,1
data/individual_seed_images/all_species\xray\testing\1\Betula_pendula_537.png,1,1
data/individual_seed_images/all_species\xray\testing\1\Betula_pendula_580.png,1,1
data/individual_seed_images/all_species\xray\testing\1\Betula_pendula_586.png,1,1
data/individual_seed_images/all_species\xray\testing\1\Betula_pendula_594.png,1,1
data/individual_seed_images/all_species\xray\testing\1\Betula_pendula_60.png,1,1
data/individual_seed_images/all_species\xray\testing\1\Betula_pendula_616.png,1,1
data/individual_seed_images/all_species\xray\testing\1\Betula_pendula_643.png,1,1
data/individual_seed_images/all_species\xray\testing\1\Betula_pendula_648.png,1,1
data/individual_seed_images/all_species\xray\testing\1\Betula_pendula_65.png,1,1
data/individual_seed_images/all_species\xray\testing\1\Betula_pendula_673.png,1,1
data/individual_seed_images/all_species\xray\testing\1\Betula_pendula_674.png,1,1
data/individual_seed_images/all_species\xray\testing\1\Betula_pendula_675.png,1,1
data/individual_seed_images/all_species\xray\testing\1\Betula_pendula_690.png,1,1
data/individual_seed_images/all_species\xray\testing\1\Betula_pendula_691.png,1,1
data/individual_seed_images/all_species\xray\testing\1\Betula_pendula_70.png,1,1
data/individual_seed_images/all_species\xray\testing\1\Betula_pendula_700.png,1,1
data/individual_seed_images/all_species\xray\testing\1\Betula_pendula_713.png,1,1
data/individual_seed_images/all_species\xray\testing\1\Betula_pendula_73.png,1,1
data/individual_seed_images/all_species\xray\testing\1\Betula_pendula_730.png,1,1
data/individual_seed_images/all_species\xray\testing\1\Betula_pendula_733.png,1,1
data/individual_seed_images/all_species\xray\testing\1\Betula_pendula_750.png,1,1
data/individual_seed_images/all_species\xray\testing\1\Betula_pendula_751.png,1,1
data/individual_seed_images/all_species\xray\testing\1\Betula_pendula_758.png,1,1
data/individual_seed_images/all_species\xray\testing\1\Betula_pendula_759.png,1,1
data/individual_seed_images/all_species\xray\testing\1\Betula_pendula_771.png,1,1
data/individual_seed_images/all_species\xray\testing\1\Betula_pendula_772.png,1,1
data/individual_seed_images/all_species\xray\testing\1\Betula_pendula_774.png,0,1
data/individual_seed_images/all_species\xray\testing\1\Betula_pendula_775.png,1,1
data/individual_seed_images/all_species\xray\testing\1\Betula_pendula_781.png,1,1
data/individual_seed_images/all_species\xray\testing\1\Betula_pendula_790.png,1,1
data/individual_seed_images/all_species\xray\testing\1\Betula_pendula_793.png,1,1
data/individual_seed_images/all_species\xray\testing\1\Betula_pendula_799.png,1,1
data/individual_seed_images/all_species\xray\testing\1\Betula_pendula_80.png,1,1
data/individual_seed_images/all_species\xray\testing\1\Betula_pendula_81.png,1,1
data/individual_seed_images/all_species\xray\testing\1\Betula_pendula_810.png,1,1
data/individual_seed_images/all_species\xray\testing\1\Betula_pendula_817.png,1,1
data/individual_seed_images/all_species\xray\testing\1\Betula_pendula_822.png,1,1
data/individual_seed_images/all_species\xray\testing\1\Betula_pendula_843.png,1,1
data/individual_seed_images/all_species\xray\testing\1\Betula_pendula_859.png,0,1
data/individual_seed_images/all_species\xray\testing\1\Betula_pendula_868.png,1,1
data/individual_seed_images/all_species\xray\testing\1\Betula_pendula_87.png,1,1
data/individual_seed_images/all_species\xray\testing\1\Betula_pendula_873.png,1,1
data/individual_seed_images/all_species\xray\testing\1\Betula_pendula_897.png,1,1
data/individual_seed_images/all_species\xray\testing\1\Betula_pendula_900.png,1,1
data/individual_seed_images/all_species\xray\testing\1\Betula_pendula_912.png,1,1
data/individual_seed_images/all_species\xray\testing\1\Betula_pendula_92.png,1,1
data/individual_seed_images/all_species\xray\testing\1\Betula_pendula_933.png,1,1
data/individual_seed_images/all_species\xray\testing\1\Betula_pendula_939.png,1,1
data/individual_seed_images/all_species\xray\testing\1\Betula_pendula_944.png,1,1
data/individual_seed_images/all_species\xray\testing\1\Betula_pendula_948.png,1,1
data/individual_seed_images/all_species\xray\testing\1\Betula_pendula_960.png,1,1
data/individual_seed_images/all_species\xray\testing\1\Betula_pendula_966.png,1,1
data/individual_seed_images/all_species\xray\testing\1\Betula_pendula_980.png,1,1
data/individual_seed_images/all_species\xray\testing\1\Betula_pendula_994.png,1,1
data/individual_seed_images/all_species\xray\testing\1\Betula_pendula_999.png,1,1
data/individual_seed_images/all_species\xray\testing\1\Betula_pubescens_100.png,1,1
data/individual_seed_images/all_species\xray\testing\1\Betula_pubescens_103.png,1,1
data/individual_seed_images/all_species\xray\testing\1\Betula_pubescens_106.png,0,1
data/individual_seed_images/all_species\xray\testing\1\Betula_pubescens_115.png,1,1
data/individual_seed_images/all_species\xray\testing\1\Betula_pubescens_12.png,1,1
data/individual_seed_images/all_species\xray\testing\1\Betula_pubescens_120.png,1,1
data/individual_seed_images/all_species\xray\testing\1\Betula_pubescens_121.png,1,1
data/individual_seed_images/all_species\xray\testing\1\Betula_pubescens_127.png,1,1
data/individual_seed_images/all_species\xray\testing\1\Betula_pubescens_147.png,1,1
data/individual_seed_images/all_species\xray\testing\1\Betula_pubescens_153.png,1,1
data/individual_seed_images/all_species\xray\testing\1\Betula_pubescens_155.png,1,1
data/individual_seed_images/all_species\xray\testing\1\Betula_pubescens_156.png,1,1
data/individual_seed_images/all_species\xray\testing\1\Betula_pubescens_16.png,1,1
data/individual_seed_images/all_species\xray\testing\1\Betula_pubescens_161.png,1,1
data/individual_seed_images/all_species\xray\testing\1\Betula_pubescens_170.png,1,1
data/individual_seed_images/all_species\xray\testing\1\Betula_pubescens_19.png,1,1
data/individual_seed_images/all_species\xray\testing\1\Betula_pubescens_202.png,1,1
data/individual_seed_images/all_species\xray\testing\1\Betula_pubescens_203.png,1,1
data/individual_seed_images/all_species\xray\testing\1\Betula_pubescens_213.png,1,1
data/individual_seed_images/all_species\xray\testing\1\Betula_pubescens_221.png,1,1
data/individual_seed_images/all_species\xray\testing\1\Betula_pubescens_222.png,1,1
data/individual_seed_images/all_species\xray\testing\1\Betula_pubescens_224.png,1,1
data/individual_seed_images/all_species\xray\testing\1\Betula_pubescens_24.png,1,1
data/individual_seed_images/all_species\xray\testing\1\Betula_pubescens_255.png,1,1
data/individual_seed_images/all_species\xray\testing\1\Betula_pubescens_26.png,1,1
data/individual_seed_images/all_species\xray\testing\1\Betula_pubescens_269.png,1,1
data/individual_seed_images/all_species\xray\testing\1\Betula_pubescens_270.png,1,1
data/individual_seed_images/all_species\xray\testing\1\Betula_pubescens_274.png,1,1
data/individual_seed_images/all_species\xray\testing\1\Betula_pubescens_292.png,1,1
data/individual_seed_images/all_species\xray\testing\1\Betula_pubescens_299.png,1,1
data/individual_seed_images/all_species\xray\testing\1\Betula_pubescens_300.png,1,1
data/individual_seed_images/all_species\xray\testing\1\Betula_pubescens_302.png,1,1
data/individual_seed_images/all_species\xray\testing\1\Betula_pubescens_348.png,1,1
data/individual_seed_images/all_species\xray\testing\1\Betula_pubescens_377.png,1,1
data/individual_seed_images/all_species\xray\testing\1\Betula_pubescens_379.png,1,1
data/individual_seed_images/all_species\xray\testing\1\Betula_pubescens_38.png,1,1
data/individual_seed_images/all_species\xray\testing\1\Betula_pubescens_39.png,1,1
data/individual_seed_images/all_species\xray\testing\1\Betula_pubescens_391.png,1,1
data/individual_seed_images/all_species\xray\testing\1\Betula_pubescens_402.png,1,1
data/individual_seed_images/all_species\xray\testing\1\Betula_pubescens_406.png,1,1
data/individual_seed_images/all_species\xray\testing\1\Betula_pubescens_413.png,1,1
data/individual_seed_images/all_species\xray\testing\1\Betula_pubescens_415.png,1,1
data/individual_seed_images/all_species\xray\testing\1\Betula_pubescens_417.png,1,1
data/individual_seed_images/all_species\xray\testing\1\Betula_pubescens_422.png,1,1
data/individual_seed_images/all_species\xray\testing\1\Betula_pubescens_423.png,1,1
data/individual_seed_images/all_species\xray\testing\1\Betula_pubescens_43.png,1,1
data/individual_seed_images/all_species\xray\testing\1\Betula_pubescens_433.png,1,1
data/individual_seed_images/all_species\xray\testing\1\Betula_pubescens_434.png,1,1
data/individual_seed_images/all_species\xray\testing\1\Betula_pubescens_435.png,1,1
data/individual_seed_images/all_species\xray\testing\1\Betula_pubescens_444.png,1,1
data/individual_seed_images/all_species\xray\testing\1\Betula_pubescens_449.png,1,1
data/individual_seed_images/all_species\xray\testing\1\Betula_pubescens_460.png,1,1
data/individual_seed_images/all_species\xray\testing\1\Betula_pubescens_461.png,1,1
data/individual_seed_images/all_species\xray\testing\1\Betula_pubescens_483.png,1,1
data/individual_seed_images/all_species\xray\testing\1\Betula_pubescens_484.png,1,1
data/individual_seed_images/all_species\xray\testing\1\Betula_pubescens_496.png,1,1
data/individual_seed_images/all_species\xray\testing\1\Betula_pubescens_5.png,1,1
data/individual_seed_images/all_species\xray\testing\1\Betula_pubescens_531.png,1,1
data/individual_seed_images/all_species\xray\testing\1\Betula_pubescens_533.png,1,1
data/individual_seed_images/all_species\xray\testing\1\Betula_pubescens_536.png,1,1
data/individual_seed_images/all_species\xray\testing\1\Betula_pubescens_540.png,1,1
data/individual_seed_images/all_species\xray\testing\1\Betula_pubescens_556.png,1,1
data/individual_seed_images/all_species\xray\testing\1\Betula_pubescens_57.png,1,1
data/individual_seed_images/all_species\xray\testing\1\Betula_pubescens_583.png,1,1
data/individual_seed_images/all_species\xray\testing\1\Betula_pubescens_588.png,1,1
data/individual_seed_images/all_species\xray\testing\1\Betula_pubescens_599.png,0,1
data/individual_seed_images/all_species\xray\testing\1\Betula_pubescens_600.png,1,1
data/individual_seed_images/all_species\xray\testing\1\Betula_pubescens_605.png,0,1
data/individual_seed_images/all_species\xray\testing\1\Betula_pubescens_609.png,1,1
data/individual_seed_images/all_species\xray\testing\1\Betula_pubescens_615.png,1,1
data/individual_seed_images/all_species\xray\testing\1\Betula_pubescens_617.png,0,1
data/individual_seed_images/all_species\xray\testing\1\Betula_pubescens_621.png,1,1
data/individual_seed_images/all_species\xray\testing\1\Betula_pubescens_622.png,1,1
data/individual_seed_images/all_species\xray\testing\1\Betula_pubescens_630.png,1,1
data/individual_seed_images/all_species\xray\testing\1\Betula_pubescens_631.png,1,1
data/individual_seed_images/all_species\xray\testing\1\Betula_pubescens_632.png,1,1
data/individual_seed_images/all_species\xray\testing\1\Betula_pubescens_636.png,1,1
data/individual_seed_images/all_species\xray\testing\1\Betula_pubescens_637.png,1,1
data/individual_seed_images/all_species\xray\testing\1\Betula_pubescens_64.png,1,1
data/individual_seed_images/all_species\xray\testing\1\Betula_pubescens_649.png,1,1
data/individual_seed_images/all_species\xray\testing\1\Betula_pubescens_653.png,1,1
data/individual_seed_images/all_species\xray\testing\1\Betula_pubescens_654.png,1,1
data/individual_seed_images/all_species\xray\testing\1\Betula_pubescens_659.png,1,1
data/individual_seed_images/all_species\xray\testing\1\Betula_pubescens_66.png,1,1
data/individual_seed_images/all_species\xray\testing\1\Betula_pubescens_660.png,1,1
data/individual_seed_images/all_species\xray\testing\1\Betula_pubescens_680.png,1,1
data/individual_seed_images/all_species\xray\testing\1\Betula_pubescens_687.png,1,1
data/individual_seed_images/all_species\xray\testing\1\Betula_pubescens_7.png,1,1
data/individual_seed_images/all_species\xray\testing\1\Betula_pubescens_704.png,1,1
data/individual_seed_images/all_species\xray\testing\1\Betula_pubescens_708.png,1,1
data/individual_seed_images/all_species\xray\testing\1\Betula_pubescens_730.png,1,1
data/individual_seed_images/all_species\xray\testing\1\Betula_pubescens_74.png,1,1
data/individual_seed_images/all_species\xray\testing\1\Betula_pubescens_75.png,1,1
data/individual_seed_images/all_species\xray\testing\1\Betula_pubescens_751.png,1,1
data/individual_seed_images/all_species\xray\testing\1\Betula_pubescens_752.png,1,1
data/individual_seed_images/all_species\xray\testing\1\Betula_pubescens_761.png,1,1
data/individual_seed_images/all_species\xray\testing\1\Betula_pubescens_766.png,1,1
data/individual_seed_images/all_species\xray\testing\1\Betula_pubescens_782.png,1,1
data/individual_seed_images/all_species\xray\testing\1\Betula_pubescens_785.png,1,1
data/individual_seed_images/all_species\xray\testing\1\Betula_pubescens_798.png,1,1
data/individual_seed_images/all_species\xray\testing\1\Betula_pubescens_800.png,1,1
data/individual_seed_images/all_species\xray\testing\1\Betula_pubescens_81.png,1,1
data/individual_seed_images/all_species\xray\testing\1\Betula_pubescens_811.png,1,1
data/individual_seed_images/all_species\xray\testing\1\Betula_pubescens_821.png,1,1
data/individual_seed_images/all_species\xray\testing\1\Betula_pubescens_826.png,1,1
data/individual_seed_images/all_species\xray\testing\1\Betula_pubescens_844.png,1,1
data/individual_seed_images/all_species\xray\testing\1\Betula_pubescens_847.png,1,1
data/individual_seed_images/all_species\xray\testing\1\Betula_pubescens_855.png,1,1
data/individual_seed_images/all_species\xray\testing\1\Betula_pubescens_869.png,1,1
data/individual_seed_images/all_species\xray\testing\1\Betula_pubescens_87.png,1,1
data/individual_seed_images/all_species\xray\testing\1\Betula_pubescens_871.png,1,1
data/individual_seed_images/all_species\xray\testing\1\Betula_pubescens_882.png,1,1
data/individual_seed_images/all_species\xray\testing\1\Betula_pubescens_922.png,1,1
data/individual_seed_images/all_species\xray\testing\1\Betula_pubescens_923.png,1,1
data/individual_seed_images/all_species\xray\testing\1\Betula_pubescens_931.png,1,1
data/individual_seed_images/all_species\xray\testing\1\Betula_pubescens_948.png,1,1
data/individual_seed_images/all_species\xray\testing\1\Betula_pubescens_961.png,1,1
data/individual_seed_images/all_species\xray\testing\1\Betula_pubescens_968.png,1,1
data/individual_seed_images/all_species\xray\testing\1\Betula_pubescens_971.png,1,1
data/individual_seed_images/all_species\xray\testing\1\Betula_pubescens_974.png,1,1
data/individual_seed_images/all_species\xray\testing\1\Betula_pubescens_985.png,1,1
data/individual_seed_images/all_species\xray\testing\1\Betula_pubescens_989.png,1,1
data/individual_seed_images/all_species\xray\testing\1\Betula_pubescens_990.png,1,1
data/individual_seed_images/all_species\xray\testing\1\Pinus_sylvestris_100.png,1,1
data/individual_seed_images/all_species\xray\testing\1\Pinus_sylvestris_103.png,1,1
data/individual_seed_images/all_species\xray\testing\1\Pinus_sylvestris_105.png,1,1
data/individual_seed_images/all_species\xray\testing\1\Pinus_sylvestris_112.png,1,1
data/individual_seed_images/all_species\xray\testing\1\Pinus_sylvestris_12.png,1,1
data/individual_seed_images/all_species\xray\testing\1\Pinus_sylvestris_136.png,1,1
data/individual_seed_images/all_species\xray\testing\1\Pinus_sylvestris_140.png,1,1
data/individual_seed_images/all_species\xray\testing\1\Pinus_sylvestris_145.png,1,1
data/individual_seed_images/all_species\xray\testing\1\Pinus_sylvestris_163.png,1,1
data/individual_seed_images/all_species\xray\testing\1\Pinus_sylvestris_167.png,1,1
data/individual_seed_images/all_species\xray\testing\1\Pinus_sylvestris_171.png,1,1
data/individual_seed_images/all_species\xray\testing\1\Pinus_sylvestris_174.png,1,1
data/individual_seed_images/all_species\xray\testing\1\Pinus_sylvestris_176.png,1,1
data/individual_seed_images/all_species\xray\testing\1\Pinus_sylvestris_179.png,1,1
data/individual_seed_images/all_species\xray\testing\1\Pinus_sylvestris_185.png,1,1
data/individual_seed_images/all_species\xray\testing\1\Pinus_sylvestris_197.png,1,1
data/individual_seed_images/all_species\xray\testing\1\Pinus_sylvestris_201.png,1,1
data/individual_seed_images/all_species\xray\testing\1\Pinus_sylvestris_203.png,1,1
data/individual_seed_images/all_species\xray\testing\1\Pinus_sylvestris_207.png,1,1
data/individual_seed_images/all_species\xray\testing\1\Pinus_sylvestris_208.png,1,1
data/individual_seed_images/all_species\xray\testing\1\Pinus_sylvestris_210.png,1,1
data/individual_seed_images/all_species\xray\testing\1\Pinus_sylvestris_254.png,1,1
data/individual_seed_images/all_species\xray\testing\1\Pinus_sylvestris_258.png,1,1
data/individual_seed_images/all_species\xray\testing\1\Pinus_sylvestris_275.png,1,1
data/individual_seed_images/all_species\xray\testing\1\Pinus_sylvestris_277.png,1,1
data/individual_seed_images/all_species\xray\testing\1\Pinus_sylvestris_278.png,1,1
data/individual_seed_images/all_species\xray\testing\1\Pinus_sylvestris_290.png,1,1
data/individual_seed_images/all_species\xray\testing\1\Pinus_sylvestris_291.png,1,1
data/individual_seed_images/all_species\xray\testing\1\Pinus_sylvestris_293.png,1,1
data/individual_seed_images/all_species\xray\testing\1\Pinus_sylvestris_305.png,1,1
data/individual_seed_images/all_species\xray\testing\1\Pinus_sylvestris_312.png,1,1
data/individual_seed_images/all_species\xray\testing\1\Pinus_sylvestris_319.png,1,1
data/individual_seed_images/all_species\xray\testing\1\Pinus_sylvestris_329.png,1,1
data/individual_seed_images/all_species\xray\testing\1\Pinus_sylvestris_349.png,1,1
data/individual_seed_images/all_species\xray\testing\1\Pinus_sylvestris_356.png,1,1
data/individual_seed_images/all_species\xray\testing\1\Pinus_sylvestris_365.png,1,1
data/individual_seed_images/all_species\xray\testing\1\Pinus_sylvestris_379.png,1,1
data/individual_seed_images/all_species\xray\testing\1\Pinus_sylvestris_38.png,1,1
data/individual_seed_images/all_species\xray\testing\1\Pinus_sylvestris_383.png,1,1
data/individual_seed_images/all_species\xray\testing\1\Pinus_sylvestris_39.png,1,1
data/individual_seed_images/all_species\xray\testing\1\Pinus_sylvestris_394.png,1,1
data/individual_seed_images/all_species\xray\testing\1\Pinus_sylvestris_395.png,1,1
data/individual_seed_images/all_species\xray\testing\1\Pinus_sylvestris_399.png,1,1
data/individual_seed_images/all_species\xray\testing\1\Pinus_sylvestris_41.png,1,1
data/individual_seed_images/all_species\xray\testing\1\Pinus_sylvestris_411.png,1,1
data/individual_seed_images/all_species\xray\testing\1\Pinus_sylvestris_419.png,1,1
data/individual_seed_images/all_species\xray\testing\1\Pinus_sylvestris_42.png,1,1
data/individual_seed_images/all_species\xray\testing\1\Pinus_sylvestris_425.png,1,1
data/individual_seed_images/all_species\xray\testing\1\Pinus_sylvestris_428.png,1,1
data/individual_seed_images/all_species\xray\testing\1\Pinus_sylvestris_432.png,1,1
data/individual_seed_images/all_species\xray\testing\1\Pinus_sylvestris_433.png,1,1
data/individual_seed_images/all_species\xray\testing\1\Pinus_sylvestris_455.png,1,1
data/individual_seed_images/all_species\xray\testing\1\Pinus_sylvestris_457.png,1,1
data/individual_seed_images/all_species\xray\testing\1\Pinus_sylvestris_460.png,1,1
data/individual_seed_images/all_species\xray\testing\1\Pinus_sylvestris_466.png,1,1
data/individual_seed_images/all_species\xray\testing\1\Pinus_sylvestris_47.png,0,1
data/individual_seed_images/all_species\xray\testing\1\Pinus_sylvestris_471.png,1,1
data/individual_seed_images/all_species\xray\testing\1\Pinus_sylvestris_474.png,1,1
data/individual_seed_images/all_species\xray\testing\1\Pinus_sylvestris_475.png,1,1
data/individual_seed_images/all_species\xray\testing\1\Pinus_sylvestris_476.png,1,1
data/individual_seed_images/all_species\xray\testing\1\Pinus_sylvestris_478.png,1,1
data/individual_seed_images/all_species\xray\testing\1\Pinus_sylvestris_48.png,1,1
data/individual_seed_images/all_species\xray\testing\1\Pinus_sylvestris_485.png,1,1
data/individual_seed_images/all_species\xray\testing\1\Pinus_sylvestris_487.png,1,1
data/individual_seed_images/all_species\xray\testing\1\Pinus_sylvestris_49.png,1,1
data/individual_seed_images/all_species\xray\testing\1\Pinus_sylvestris_491.png,1,1
data/individual_seed_images/all_species\xray\testing\1\Pinus_sylvestris_495.png,1,1
data/individual_seed_images/all_species\xray\testing\1\Pinus_sylvestris_507.png,1,1
data/individual_seed_images/all_species\xray\testing\1\Pinus_sylvestris_509.png,1,1
data/individual_seed_images/all_species\xray\testing\1\Pinus_sylvestris_520.png,1,1
data/individual_seed_images/all_species\xray\testing\1\Pinus_sylvestris_521.png,1,1
data/individual_seed_images/all_species\xray\testing\1\Pinus_sylvestris_525.png,1,1
data/individual_seed_images/all_species\xray\testing\1\Pinus_sylvestris_539.png,1,1
data/individual_seed_images/all_species\xray\testing\1\Pinus_sylvestris_540.png,1,1
data/individual_seed_images/all_species\xray\testing\1\Pinus_sylvestris_542.png,1,1
data/individual_seed_images/all_species\xray\testing\1\Pinus_sylvestris_545.png,1,1
data/individual_seed_images/all_species\xray\testing\1\Pinus_sylvestris_549.png,1,1
data/individual_seed_images/all_species\xray\testing\1\Pinus_sylvestris_552.png,1,1
data/individual_seed_images/all_species\xray\testing\1\Pinus_sylvestris_553.png,1,1
data/individual_seed_images/all_species\xray\testing\1\Pinus_sylvestris_555.png,1,1
data/individual_seed_images/all_species\xray\testing\1\Pinus_sylvestris_557.png,1,1
data/individual_seed_images/all_species\xray\testing\1\Pinus_sylvestris_558.png,1,1
data/individual_seed_images/all_species\xray\testing\1\Pinus_sylvestris_568.png,1,1
data/individual_seed_images/all_species\xray\testing\1\Pinus_sylvestris_570.png,1,1
data/individual_seed_images/all_species\xray\testing\1\Pinus_sylvestris_571.png,1,1
data/individual_seed_images/all_species\xray\testing\1\Pinus_sylvestris_59.png,1,1
data/individual_seed_images/all_species\xray\testing\1\Pinus_sylvestris_598.png,1,1
data/individual_seed_images/all_species\xray\testing\1\Pinus_sylvestris_605.png,1,1
data/individual_seed_images/all_species\xray\testing\1\Pinus_sylvestris_610.png,1,1
data/individual_seed_images/all_species\xray\testing\1\Pinus_sylvestris_619.png,1,1
data/individual_seed_images/all_species\xray\testing\1\Pinus_sylvestris_634.png,1,1
data/individual_seed_images/all_species\xray\testing\1\Pinus_sylvestris_636.png,1,1
data/individual_seed_images/all_species\xray\testing\1\Pinus_sylvestris_641.png,1,1
data/individual_seed_images/all_species\xray\testing\1\Pinus_sylvestris_644.png,1,1
data/individual_seed_images/all_species\xray\testing\1\Pinus_sylvestris_645.png,1,1
data/individual_seed_images/all_species\xray\testing\1\Pinus_sylvestris_713.png,1,1
data/individual_seed_images/all_species\xray\testing\1\Pinus_sylvestris_721.png,1,1
data/individual_seed_images/all_species\xray\testing\1\Pinus_sylvestris_756.png,1,1
data/individual_seed_images/all_species\xray\testing\1\Pinus_sylvestris_76.png,1,1
data/individual_seed_images/all_species\xray\testing\1\Pinus_sylvestris_781.png,1,1
data/individual_seed_images/all_species\xray\testing\1\Pinus_sylvestris_783.png,1,1
data/individual_seed_images/all_species\xray\testing\1\Pinus_sylvestris_786.png,1,1
data/individual_seed_images/all_species\xray\testing\1\Pinus_sylvestris_793.png,1,1
data/individual_seed_images/all_species\xray\testing\1\Pinus_sylvestris_798.png,1,1
data/individual_seed_images/all_species\xray\testing\1\Pinus_sylvestris_807.png,1,1
data/individual_seed_images/all_species\xray\testing\1\Pinus_sylvestris_821.png,1,1
data/individual_seed_images/all_species\xray\testing\1\Pinus_sylvestris_847.png,1,1
data/individual_seed_images/all_species\xray\testing\1\Pinus_sylvestris_851.png,1,1
data/individual_seed_images/all_species\xray\testing\1\Pinus_sylvestris_859.png,1,1
data/individual_seed_images/all_species\xray\testing\1\Pinus_sylvestris_86.png,1,1
data/individual_seed_images/all_species\xray\testing\1\Pinus_sylvestris_867.png,1,1
data/individual_seed_images/all_species\xray\testing\1\Pinus_sylvestris_873.png,1,1
data/individual_seed_images/all_species\xray\testing\1\Pinus_sylvestris_876.png,1,1
data/individual_seed_images/all_species\xray\testing\1\Pinus_sylvestris_877.png,0,1
data/individual_seed_images/all_species\xray\testing\1\Pinus_sylvestris_881.png,1,1
data/individual_seed_images/all_species\xray\testing\1\Pinus_sylvestris_900.png,1,1
data/individual_seed_images/all_species\xray\testing\1\Pinus_sylvestris_902.png,1,1
data/individual_seed_images/all_species\xray\testing\1\Pinus_sylvestris_905.png,1,1
data/individual_seed_images/all_species\xray\testing\1\Pinus_sylvestris_91.png,1,1
data/individual_seed_images/all_species\xray\testing\1\Pinus_sylvestris_910.png,1,1
data/individual_seed_images/all_species\xray\testing\1\Pinus_sylvestris_916.png,1,1
data/individual_seed_images/all_species\xray\testing\1\Pinus_sylvestris_924.png,1,1
data/individual_seed_images/all_species\xray\testing\1\Pinus_sylvestris_926.png,1,1
data/individual_seed_images/all_species\xray\testing\1\Pinus_sylvestris_935.png,1,1
data/individual_seed_images/all_species\xray\testing\1\Pinus_sylvestris_94.png,1,1
data/individual_seed_images/all_species\xray\testing\1\Pinus_sylvestris_945.png,1,1
data/individual_seed_images/all_species\xray\testing\1\Pinus_sylvestris_95.png,1,1
data/individual_seed_images/all_species\xray\testing\1\Pinus_sylvestris_952.png,1,1
data/individual_seed_images/all_species\xray\testing\1\Pinus_sylvestris_960.png,1,1
data/individual_seed_images/all_species\xray\testing\1\Pinus_sylvestris_962.png,1,1
data/individual_seed_images/all_species\xray\testing\1\Pinus_sylvestris_963.png,1,1
data/individual_seed_images/all_species\xray\testing\1\Pinus_sylvestris_97.png,1,1
data/individual_seed_images/all_species\xray\testing\1\Pinus_sylvestris_982.png,1,1
data/individual_seed_images/all_species\xray\testing\1\Pinus_sylvestris_985.png,1,1
data/individual_seed_images/all_species\xray\testing\1\Pinus_sylvestris_989.png,1,1
data/individual_seed_images/all_species\xray\testing\1\Pinus_sylvestris_991.png,1,1
data/individual_seed_images/all_species\xray\testing\1\Sorbus_aucuparia_10.png,1,1
data/individual_seed_images/all_species\xray\testing\1\Sorbus_aucuparia_100.png,1,1
data/individual_seed_images/all_species\xray\testing\1\Sorbus_aucuparia_102.png,1,1
data/individual_seed_images/all_species\xray\testing\1\Sorbus_aucuparia_108.png,1,1
data/individual_seed_images/all_species\xray\testing\1\Sorbus_aucuparia_110.png,1,1
data/individual_seed_images/all_species\xray\testing\1\Sorbus_aucuparia_119.png,1,1
data/individual_seed_images/all_species\xray\testing\1\Sorbus_aucuparia_12.png,1,1
data/individual_seed_images/all_species\xray\testing\1\Sorbus_aucuparia_150.png,1,1
data/individual_seed_images/all_species\xray\testing\1\Sorbus_aucuparia_161.png,1,1
data/individual_seed_images/all_species\xray\testing\1\Sorbus_aucuparia_163.png,1,1
data/individual_seed_images/all_species\xray\testing\1\Sorbus_aucuparia_168.png,1,1
data/individual_seed_images/all_species\xray\testing\1\Sorbus_aucuparia_172.png,1,1
data/individual_seed_images/all_species\xray\testing\1\Sorbus_aucuparia_177.png,1,1
data/individual_seed_images/all_species\xray\testing\1\Sorbus_aucuparia_181.png,1,1
data/individual_seed_images/all_species\xray\testing\1\Sorbus_aucuparia_185.png,1,1
data/individual_seed_images/all_species\xray\testing\1\Sorbus_aucuparia_189.png,1,1
data/individual_seed_images/all_species\xray\testing\1\Sorbus_aucuparia_198.png,1,1
data/individual_seed_images/all_species\xray\testing\1\Sorbus_aucuparia_20.png,1,1
data/individual_seed_images/all_species\xray\testing\1\Sorbus_aucuparia_206.png,1,1
data/individual_seed_images/all_species\xray\testing\1\Sorbus_aucuparia_211.png,1,1
data/individual_seed_images/all_species\xray\testing\1\Sorbus_aucuparia_215.png,1,1
data/individual_seed_images/all_species\xray\testing\1\Sorbus_aucuparia_217.png,1,1
data/individual_seed_images/all_species\xray\testing\1\Sorbus_aucuparia_222.png,1,1
data/individual_seed_images/all_species\xray\testing\1\Sorbus_aucuparia_225.png,1,1
data/individual_seed_images/all_species\xray\testing\1\Sorbus_aucuparia_228.png,1,1
data/individual_seed_images/all_species\xray\testing\1\Sorbus_aucuparia_229.png,1,1
data/individual_seed_images/all_species\xray\testing\1\Sorbus_aucuparia_231.png,1,1
data/individual_seed_images/all_species\xray\testing\1\Sorbus_aucuparia_234.png,1,1
data/individual_seed_images/all_species\xray\testing\1\Sorbus_aucuparia_237.png,1,1
data/individual_seed_images/all_species\xray\testing\1\Sorbus_aucuparia_238.png,1,1
data/individual_seed_images/all_species\xray\testing\1\Sorbus_aucuparia_241.png,1,1
data/individual_seed_images/all_species\xray\testing\1\Sorbus_aucuparia_242.png,1,1
data/individual_seed_images/all_species\xray\testing\1\Sorbus_aucuparia_247.png,1,1
data/individual_seed_images/all_species\xray\testing\1\Sorbus_aucuparia_250.png,1,1
data/individual_seed_images/all_species\xray\testing\1\Sorbus_aucuparia_252.png,1,1
data/individual_seed_images/all_species\xray\testing\1\Sorbus_aucuparia_256.png,1,1
data/individual_seed_images/all_species\xray\testing\1\Sorbus_aucuparia_257.png,1,1
data/individual_seed_images/all_species\xray\testing\1\Sorbus_aucuparia_27.png,1,1
data/individual_seed_images/all_species\xray\testing\1\Sorbus_aucuparia_282.png,1,1
data/individual_seed_images/all_species\xray\testing\1\Sorbus_aucuparia_287.png,1,1
data/individual_seed_images/all_species\xray\testing\1\Sorbus_aucuparia_293.png,1,1
data/individual_seed_images/all_species\xray\testing\1\Sorbus_aucuparia_300.png,1,1
data/individual_seed_images/all_species\xray\testing\1\Sorbus_aucuparia_302.png,1,1
data/individual_seed_images/all_species\xray\testing\1\Sorbus_aucuparia_305.png,1,1
data/individual_seed_images/all_species\xray\testing\1\Sorbus_aucuparia_316.png,1,1
data/individual_seed_images/all_species\xray\testing\1\Sorbus_aucuparia_32.png,1,1
data/individual_seed_images/all_species\xray\testing\1\Sorbus_aucuparia_324.png,1,1
data/individual_seed_images/all_species\xray\testing\1\Sorbus_aucuparia_326.png,1,1
data/individual_seed_images/all_species\xray\testing\1\Sorbus_aucuparia_338.png,1,1
data/individual_seed_images/all_species\xray\testing\1\Sorbus_aucuparia_340.png,1,1
data/individual_seed_images/all_species\xray\testing\1\Sorbus_aucuparia_343.png,1,1
data/individual_seed_images/all_species\xray\testing\1\Sorbus_aucuparia_345.png,1,1
data/individual_seed_images/all_species\xray\testing\1\Sorbus_aucuparia_351.png,1,1
data/individual_seed_images/all_species\xray\testing\1\Sorbus_aucuparia_354.png,1,1
data/individual_seed_images/all_species\xray\testing\1\Sorbus_aucuparia_357.png,1,1
data/individual_seed_images/all_species\xray\testing\1\Sorbus_aucuparia_359.png,1,1
data/individual_seed_images/all_species\xray\testing\1\Sorbus_aucuparia_361.png,1,1
data/individual_seed_images/all_species\xray\testing\1\Sorbus_aucuparia_363.png,1,1
data/individual_seed_images/all_species\xray\testing\1\Sorbus_aucuparia_368.png,1,1
data/individual_seed_images/all_species\xray\testing\1\Sorbus_aucuparia_37.png,1,1
data/individual_seed_images/all_species\xray\testing\1\Sorbus_aucuparia_370.png,1,1
data/individual_seed_images/all_species\xray\testing\1\Sorbus_aucuparia_373.png,1,1
data/individual_seed_images/all_species\xray\testing\1\Sorbus_aucuparia_374.png,1,1
data/individual_seed_images/all_species\xray\testing\1\Sorbus_aucuparia_38.png,1,1
data/individual_seed_images/all_species\xray\testing\1\Sorbus_aucuparia_380.png,1,1
data/individual_seed_images/all_species\xray\testing\1\Sorbus_aucuparia_383.png,1,1
data/individual_seed_images/all_species\xray\testing\1\Sorbus_aucuparia_397.png,1,1
data/individual_seed_images/all_species\xray\testing\1\Sorbus_aucuparia_411.png,1,1
data/individual_seed_images/all_species\xray\testing\1\Sorbus_aucuparia_426.png,1,1
data/individual_seed_images/all_species\xray\testing\1\Sorbus_aucuparia_432.png,1,1
data/individual_seed_images/all_species\xray\testing\1\Sorbus_aucuparia_433.png,0,1
data/individual_seed_images/all_species\xray\testing\1\Sorbus_aucuparia_439.png,1,1
data/individual_seed_images/all_species\xray\testing\1\Sorbus_aucuparia_445.png,1,1
data/individual_seed_images/all_species\xray\testing\1\Sorbus_aucuparia_449.png,1,1
data/individual_seed_images/all_species\xray\testing\1\Sorbus_aucuparia_450.png,1,1
data/individual_seed_images/all_species\xray\testing\1\Sorbus_aucuparia_451.png,1,1
data/individual_seed_images/all_species\xray\testing\1\Sorbus_aucuparia_456.png,1,1
data/individual_seed_images/all_species\xray\testing\1\Sorbus_aucuparia_46.png,1,1
data/individual_seed_images/all_species\xray\testing\1\Sorbus_aucuparia_460.png,1,1
data/individual_seed_images/all_species\xray\testing\1\Sorbus_aucuparia_462.png,1,1
data/individual_seed_images/all_species\xray\testing\1\Sorbus_aucuparia_466.png,1,1
data/individual_seed_images/all_species\xray\testing\1\Sorbus_aucuparia_468.png,1,1
data/individual_seed_images/all_species\xray\testing\1\Sorbus_aucuparia_472.png,1,1
data/individual_seed_images/all_species\xray\testing\1\Sorbus_aucuparia_48.png,1,1
data/individual_seed_images/all_species\xray\testing\1\Sorbus_aucuparia_480.png,1,1
data/individual_seed_images/all_species\xray\testing\1\Sorbus_aucuparia_481.png,1,1
data/individual_seed_images/all_species\xray\testing\1\Sorbus_aucuparia_482.png,1,1
data/individual_seed_images/all_species\xray\testing\1\Sorbus_aucuparia_488.png,1,1
data/individual_seed_images/all_species\xray\testing\1\Sorbus_aucuparia_493.png,1,1
data/individual_seed_images/all_species\xray\testing\1\Sorbus_aucuparia_499.png,1,1
data/individual_seed_images/all_species\xray\testing\1\Sorbus_aucuparia_505.png,1,1
data/individual_seed_images/all_species\xray\testing\1\Sorbus_aucuparia_518.png,1,1
data/individual_seed_images/all_species\xray\testing\1\Sorbus_aucuparia_520.png,1,1
data/individual_seed_images/all_species\xray\testing\1\Sorbus_aucuparia_527.png,1,1
data/individual_seed_images/all_species\xray\testing\1\Sorbus_aucuparia_540.png,1,1
data/individual_seed_images/all_species\xray\testing\1\Sorbus_aucuparia_542.png,1,1
data/individual_seed_images/all_species\xray\testing\1\Sorbus_aucuparia_544.png,1,1
data/individual_seed_images/all_species\xray\testing\1\Sorbus_aucuparia_545.png,1,1
data/individual_seed_images/all_species\xray\testing\1\Sorbus_aucuparia_552.png,1,1
data/individual_seed_images/all_species\xray\testing\1\Sorbus_aucuparia_557.png,1,1
data/individual_seed_images/all_species\xray\testing\1\Sorbus_aucuparia_56.png,1,1
data/individual_seed_images/all_species\xray\testing\1\Sorbus_aucuparia_567.png,1,1
data/individual_seed_images/all_species\xray\testing\1\Sorbus_aucuparia_570.png,1,1
data/individual_seed_images/all_species\xray\testing\1\Sorbus_aucuparia_573.png,1,1
data/individual_seed_images/all_species\xray\testing\1\Sorbus_aucuparia_576.png,1,1
data/individual_seed_images/all_species\xray\testing\1\Sorbus_aucuparia_577.png,1,1
data/individual_seed_images/all_species\xray\testing\1\Sorbus_aucuparia_58.png,1,1
data/individual_seed_images/all_species\xray\testing\1\Sorbus_aucuparia_585.png,1,1
data/individual_seed_images/all_species\xray\testing\1\Sorbus_aucuparia_592.png,1,1
data/individual_seed_images/all_species\xray\testing\1\Sorbus_aucuparia_593.png,1,1
data/individual_seed_images/all_species\xray\testing\1\Sorbus_aucuparia_596.png,1,1
data/individual_seed_images/all_species\xray\testing\1\Sorbus_aucuparia_602.png,1,1
data/individual_seed_images/all_species\xray\testing\1\Sorbus_aucuparia_607.png,1,1
data/individual_seed_images/all_species\xray\testing\1\Sorbus_aucuparia_610.png,1,1
data/individual_seed_images/all_species\xray\testing\1\Sorbus_aucuparia_611.png,1,1
data/individual_seed_images/all_species\xray\testing\1\Sorbus_aucuparia_615.png,1,1
data/individual_seed_images/all_species\xray\testing\1\Sorbus_aucuparia_617.png,1,1
data/individual_seed_images/all_species\xray\testing\1\Sorbus_aucuparia_618.png,1,1
data/individual_seed_images/all_species\xray\testing\1\Sorbus_aucuparia_619.png,1,1
data/individual_seed_images/all_species\xray\testing\1\Sorbus_aucuparia_629.png,1,1
data/individual_seed_images/all_species\xray\testing\1\Sorbus_aucuparia_637.png,1,1
data/individual_seed_images/all_species\xray\testing\1\Sorbus_aucuparia_646.png,1,1
data/individual_seed_images/all_species\xray\testing\1\Sorbus_aucuparia_648.png,1,1
data/individual_seed_images/all_species\xray\testing\1\Sorbus_aucuparia_650.png,1,1
data/individual_seed_images/all_species\xray\testing\1\Sorbus_aucuparia_658.png,1,1
data/individual_seed_images/all_species\xray\testing\1\Sorbus_aucuparia_66.png,1,1
data/individual_seed_images/all_species\xray\testing\1\Sorbus_aucuparia_661.png,1,1
data/individual_seed_images/all_species\xray\testing\1\Sorbus_aucuparia_662.png,1,1
data/individual_seed_images/all_species\xray\testing\1\Sorbus_aucuparia_665.png,1,1
data/individual_seed_images/all_species\xray\testing\1\Sorbus_aucuparia_667.png,1,1
data/individual_seed_images/all_species\xray\testing\1\Sorbus_aucuparia_670.png,1,1
data/individual_seed_images/all_species\xray\testing\1\Sorbus_aucuparia_674.png,1,1
data/individual_seed_images/all_species\xray\testing\1\Sorbus_aucuparia_681.png,1,1
data/individual_seed_images/all_species\xray\testing\1\Sorbus_aucuparia_683.png,1,1
data/individual_seed_images/all_species\xray\testing\1\Sorbus_aucuparia_684.png,1,1
data/individual_seed_images/all_species\xray\testing\1\Sorbus_aucuparia_691.png,1,1
data/individual_seed_images/all_species\xray\testing\1\Sorbus_aucuparia_692.png,1,1
data/individual_seed_images/all_species\xray\testing\1\Sorbus_aucuparia_712.png,1,1
data/individual_seed_images/all_species\xray\testing\1\Sorbus_aucuparia_72.png,1,1
data/individual_seed_images/all_species\xray\testing\1\Sorbus_aucuparia_726.png,1,1
data/individual_seed_images/all_species\xray\testing\1\Sorbus_aucuparia_73.png,1,1
data/individual_seed_images/all_species\xray\testing\1\Sorbus_aucuparia_731.png,1,1
data/individual_seed_images/all_species\xray\testing\1\Sorbus_aucuparia_739.png,1,1
data/individual_seed_images/all_species\xray\testing\1\Sorbus_aucuparia_748.png,1,1
data/individual_seed_images/all_species\xray\testing\1\Sorbus_aucuparia_77.png,1,1
data/individual_seed_images/all_species\xray\testing\1\Sorbus_aucuparia_775.png,1,1
data/individual_seed_images/all_species\xray\testing\1\Sorbus_aucuparia_789.png,1,1
data/individual_seed_images/all_species\xray\testing\1\Sorbus_aucuparia_790.png,1,1
data/individual_seed_images/all_species\xray\testing\1\Sorbus_aucuparia_797.png,1,1
data/individual_seed_images/all_species\xray\testing\1\Sorbus_aucuparia_800.png,1,1
data/individual_seed_images/all_species\xray\testing\1\Sorbus_aucuparia_801.png,1,1
data/individual_seed_images/all_species\xray\testing\1\Sorbus_aucuparia_807.png,1,1
data/individual_seed_images/all_species\xray\testing\1\Sorbus_aucuparia_812.png,1,1
data/individual_seed_images/all_species\xray\testing\1\Sorbus_aucuparia_818.png,1,1
data/individual_seed_images/all_species\xray\testing\1\Sorbus_aucuparia_833.png,1,1
data/individual_seed_images/all_species\xray\testing\1\Sorbus_aucuparia_837.png,1,1
data/individual_seed_images/all_species\xray\testing\1\Sorbus_aucuparia_840.png,1,1
data/individual_seed_images/all_species\xray\testing\1\Sorbus_aucuparia_841.png,1,1
data/individual_seed_images/all_species\xray\testing\1\Sorbus_aucuparia_843.png,1,1
data/individual_seed_images/all_species\xray\testing\1\Sorbus_aucuparia_861.png,1,1
data/individual_seed_images/all_species\xray\testing\1\Sorbus_aucuparia_862.png,1,1
data/individual_seed_images/all_species\xray\testing\1\Sorbus_aucuparia_867.png,1,1
data/individual_seed_images/all_species\xray\testing\1\Sorbus_aucuparia_874.png,1,1
data/individual_seed_images/all_species\xray\testing\1\Sorbus_aucuparia_881.png,1,1
data/individual_seed_images/all_species\xray\testing\1\Sorbus_aucuparia_882.png,1,1
data/individual_seed_images/all_species\xray\testing\1\Sorbus_aucuparia_894.png,1,1
data/individual_seed_images/all_species\xray\testing\1\Sorbus_aucuparia_901.png,1,1
data/individual_seed_images/all_species\xray\testing\1\Sorbus_aucuparia_905.png,1,1
data/individual_seed_images/all_species\xray\testing\1\Sorbus_aucuparia_920.png,1,1
data/individual_seed_images/all_species\xray\testing\1\Sorbus_aucuparia_925.png,1,1
data/individual_seed_images/all_species\xray\testing\1\Sorbus_aucuparia_927.png,1,1
data/individual_seed_images/all_species\xray\testing\1\Sorbus_aucuparia_93.png,1,1
data/individual_seed_images/all_species\xray\testing\1\Sorbus_aucuparia_932.png,1,1
data/individual_seed_images/all_species\xray\testing\1\Sorbus_aucuparia_933.png,1,1
data/individual_seed_images/all_species\xray\testing\1\Sorbus_aucuparia_939.png,1,1
data/individual_seed_images/all_species\xray\testing\1\Sorbus_aucuparia_94.png,1,1
data/individual_seed_images/all_species\xray\testing\1\Sorbus_aucuparia_955.png,1,1
data/individual_seed_images/all_species\xray\testing\1\Sorbus_aucuparia_962.png,1,1
data/individual_seed_images/all_species\xray\testing\1\Sorbus_aucuparia_963.png,1,1
data/individual_seed_images/all_species\xray\testing\1\Sorbus_aucuparia_969.png,1,1
data/individual_seed_images/all_species\xray\testing\1\Sorbus_aucuparia_972.png,1,1
data/individual_seed_images/all_species\xray\testing\1\Sorbus_aucuparia_976.png,1,1
data/individual_seed_images/all_species\xray\testing\1\Sorbus_aucuparia_978.png,1,1
data/individual_seed_images/all_species\xray\testing\1\Sorbus_aucuparia_980.png,1,1
data/individual_seed_images/all_species\xray\testing\1\Sorbus_aucuparia_984.png,1,1
data/individual_seed_images/all_species\xray\testing\1\Sorbus_aucuparia_987.png,1,1
data/individual_seed_images/all_species\xray\testing\1\Sorbus_aucuparia_994.png,1,1
