"Species","Tree_N","Germination","Bin_germ","XGB_all","XGB_colour","XGB_xray","cnn_colour_pred","cnn_xray_pred"
"Alnus_glutinosa",1,"E",0,0,1,0,1,0
"Alnus_glutinosa",1,"E",0,0,1,0,1,0
"Alnus_glutinosa",1,"E",0,0,1,0,1,0
"Alnus_glutinosa",1,"E",0,0,1,0,1,0
"Alnus_glutinosa",1,"E",0,0,1,0,1,0
"Alnus_glutinosa",1,"G",1,1,1,1,1,1
"Alnus_glutinosa",1,"G",1,1,1,1,1,1
"Alnus_glutinosa",1,"G",1,1,1,1,1,1
"Alnus_glutinosa",1,"G",1,1,1,1,1,1
"Alnus_glutinosa",1,"E",0,0,1,0,1,0
"Alnus_glutinosa",1,"G",1,1,1,1,1,1
"Alnus_glutinosa",1,"E",0,0,1,0,1,0
"Alnus_glutinosa",1,"E",0,0,0,0,1,1
"Alnus_glutinosa",1,"G",1,1,1,1,1,1
"Alnus_glutinosa",1,"G",1,1,1,1,1,1
"Alnus_glutinosa",1,"G",1,1,1,1,1,1
"Alnus_glutinosa",1,"G",1,1,1,1,1,1
"Alnus_glutinosa",2,"G",1,1,1,1,1,1
"Alnus_glutinosa",2,"E",0,0,0,0,0,0
"Alnus_glutinosa",2,"G",1,1,1,1,1,1
"Alnus_glutinosa",2,"G",1,1,1,1,1,1
"Alnus_glutinosa",2,"G",1,1,1,1,1,1
"Alnus_glutinosa",2,"G",1,1,1,1,1,1
"Alnus_glutinosa",2,"G",1,1,1,1,1,1
"Alnus_glutinosa",2,"G",1,1,1,1,1,1
"Alnus_glutinosa",2,"E",0,0,1,0,1,0
"Alnus_glutinosa",2,"G",1,1,1,1,1,1
"Alnus_glutinosa",2,"G",1,1,1,1,1,1
"Alnus_glutinosa",2,"G",1,1,1,1,1,1
"Alnus_glutinosa",2,"G",1,1,1,1,1,1
"Alnus_glutinosa",2,"G",1,1,1,1,1,1
"Alnus_glutinosa",2,"G",1,1,1,1,1,1
"Alnus_glutinosa",2,"G",1,1,1,1,1,1
"Alnus_glutinosa",2,"G",1,1,1,1,1,1
"Alnus_glutinosa",2,"G",1,1,1,1,1,1
"Alnus_glutinosa",2,"E",0,0,1,0,1,0
"Alnus_glutinosa",2,"G",1,1,1,1,1,1
"Alnus_glutinosa",2,"G",1,1,1,1,1,1
"Alnus_glutinosa",2,"G",1,1,1,1,1,1
"Alnus_glutinosa",2,"G",1,1,1,1,1,1
"Alnus_glutinosa",2,"G",1,1,0,1,1,1
"Alnus_glutinosa",2,"G",1,1,1,1,1,1
"Alnus_glutinosa",2,"G",1,1,1,1,1,1
"Alnus_glutinosa",2,"G",1,1,1,1,1,1
"Alnus_glutinosa",2,"G",1,1,1,1,1,1
"Alnus_glutinosa",2,"G",1,1,1,1,1,1
"Alnus_glutinosa",3,"E",0,0,0,0,1,0
"Alnus_glutinosa",3,"G",1,1,1,1,1,1
"Alnus_glutinosa",3,"E",0,0,0,0,1,0
"Alnus_glutinosa",3,"G",1,1,1,1,1,1
"Alnus_glutinosa",3,"E",0,0,0,0,0,0
"Alnus_glutinosa",3,"G",1,1,1,1,1,1
"Alnus_glutinosa",3,"G",1,1,1,1,1,1
"Alnus_glutinosa",3,"E",0,0,1,0,1,0
"Alnus_glutinosa",3,"G",1,1,1,1,1,1
"Alnus_glutinosa",3,"G",1,1,1,1,1,1
"Alnus_glutinosa",3,"G",1,1,1,1,1,1
"Alnus_glutinosa",3,"G",1,1,1,1,1,1
"Alnus_glutinosa",3,"E",0,0,1,0,0,0
"Alnus_glutinosa",3,"E",0,0,1,0,1,0
"Alnus_glutinosa",3,"E",0,0,1,0,1,0
"Alnus_glutinosa",3,"G",1,1,1,1,1,1
"Alnus_glutinosa",3,"G",1,1,1,1,1,1
"Alnus_glutinosa",3,"G",1,1,1,1,1,1
"Alnus_glutinosa",3,"E",0,0,0,0,1,0
"Alnus_glutinosa",3,"G",1,1,1,1,1,1
"Alnus_glutinosa",3,"G",1,1,1,1,1,1
"Alnus_glutinosa",3,"G",1,1,1,1,1,1
"Alnus_glutinosa",3,"E",0,0,1,0,1,0
"Alnus_glutinosa",3,"G",1,1,1,1,1,1
"Alnus_glutinosa",3,"G",1,1,1,1,1,1
"Alnus_glutinosa",3,"G",1,1,1,1,1,1
"Alnus_glutinosa",3,"G",1,1,1,1,1,1
"Alnus_glutinosa",3,"E",0,0,1,0,1,0
"Alnus_glutinosa",3,"G",1,1,1,1,1,1
"Alnus_glutinosa",3,"E",0,0,1,0,1,0
"Alnus_glutinosa",3,"G",1,1,1,1,1,1
"Alnus_glutinosa",3,"G",1,1,1,1,1,1
"Alnus_glutinosa",3,"G",1,1,1,1,1,1
"Alnus_glutinosa",3,"E",0,0,1,0,1,0
"Alnus_glutinosa",3,"G",1,1,1,1,1,1
"Alnus_glutinosa",3,"E",0,0,0,0,0,0
"Alnus_glutinosa",3,"G",1,1,1,1,1,1
"Alnus_glutinosa",3,"E",0,0,1,0,1,0
"Alnus_glutinosa",3,"G",1,1,1,1,1,1
"Alnus_glutinosa",3,"G",1,1,1,1,1,1
"Alnus_glutinosa",3,"G",1,1,1,1,1,1
"Alnus_glutinosa",3,"G",1,1,1,1,1,1
"Alnus_glutinosa",3,"G",1,1,1,1,1,1
"Alnus_glutinosa",3,"G",1,0,1,1,1,1
"Alnus_glutinosa",3,"E",0,0,0,0,0,0
"Alnus_glutinosa",3,"G",1,1,0,1,1,1
"Alnus_glutinosa",4,"G",1,1,1,1,1,1
"Alnus_glutinosa",4,"G",1,1,1,1,1,1
"Alnus_glutinosa",4,"G",1,1,1,1,1,1
"Alnus_glutinosa",4,"G",1,1,1,1,1,1
"Alnus_glutinosa",4,"G",1,1,1,1,1,1
"Alnus_glutinosa",4,"G",1,1,1,1,1,1
"Alnus_glutinosa",4,"E",0,0,1,0,1,0
"Alnus_glutinosa",4,"G",1,1,1,1,1,1
"Alnus_glutinosa",4,"G",1,1,1,1,1,1
"Alnus_glutinosa",4,"G",1,1,1,1,1,1
"Alnus_glutinosa",4,"G",1,1,1,1,1,1
"Alnus_glutinosa",4,"E",0,0,1,0,1,0
"Alnus_glutinosa",4,"G",1,1,1,1,1,1
"Alnus_glutinosa",4,"M",0,1,1,1,1,1
"Alnus_glutinosa",4,"G",1,1,1,1,1,1
"Alnus_glutinosa",4,"G",1,1,1,1,1,1
"Alnus_glutinosa",4,"G",1,1,1,1,1,1
"Alnus_glutinosa",5,"M",0,1,1,1,1,1
"Alnus_glutinosa",5,"G",1,1,1,1,1,1
"Alnus_glutinosa",5,"G",1,1,1,1,1,1
"Alnus_glutinosa",5,"G",1,1,1,1,1,1
"Alnus_glutinosa",5,"G",1,1,1,1,1,1
"Alnus_glutinosa",5,"G",1,1,1,1,1,1
"Alnus_glutinosa",5,"G",1,1,1,1,1,1
"Alnus_glutinosa",5,"E",0,0,1,0,1,0
"Alnus_glutinosa",5,"G",1,1,1,1,1,1
"Alnus_glutinosa",5,"G",1,1,1,1,1,1
"Alnus_glutinosa",5,"E",0,0,1,0,1,0
"Alnus_glutinosa",5,"M",0,1,1,1,1,1
"Alnus_glutinosa",5,"G",1,1,1,1,1,1
"Alnus_glutinosa",5,"G",1,1,0,1,0,1
"Alnus_glutinosa",5,"G",1,1,1,1,1,1
"Alnus_glutinosa",5,"E",0,0,1,0,1,0
"Alnus_glutinosa",5,"G",1,1,1,1,1,1
"Alnus_glutinosa",5,"E",0,0,1,0,1,0
"Alnus_glutinosa",5,"G",1,1,1,1,1,1
"Alnus_glutinosa",5,"G",1,1,1,1,1,1
"Alnus_glutinosa",5,"G",1,1,1,1,1,1
"Alnus_glutinosa",5,"E",0,0,0,0,1,0
"Alnus_glutinosa",5,"G",1,1,1,1,1,1
"Alnus_glutinosa",5,"G",1,1,1,1,1,1
"Alnus_glutinosa",5,"G",1,1,1,1,1,1
"Alnus_glutinosa",5,"G",1,1,1,1,1,1
"Alnus_glutinosa",5,"M",0,1,1,1,1,1
"Alnus_glutinosa",5,"G",1,0,1,1,1,1
"Alnus_glutinosa",5,"G",1,1,1,1,1,1
"Alnus_glutinosa",5,"E",0,0,1,0,1,0
"Alnus_glutinosa",5,"E",1,1,1,1,1,1
"Alnus_glutinosa",5,"G",1,1,0,1,1,1
"Alnus_glutinosa",5,"G",1,1,1,1,1,1
"Alnus_glutinosa",5,"E",0,0,1,0,1,0
"Alnus_glutinosa",5,"G",1,1,1,1,1,1
"Alnus_glutinosa",5,"G",1,1,1,1,1,1
"Alnus_glutinosa",5,"G",1,1,1,1,0,1
"Alnus_glutinosa",5,"G",1,1,1,1,1,1
"Alnus_glutinosa",5,"E",0,0,0,0,0,0
"Alnus_glutinosa",5,"G",1,1,0,1,1,1
"Alnus_glutinosa",5,"G",1,1,1,1,1,1
"Alnus_glutinosa",5,"G",1,1,0,1,1,1
"Alnus_glutinosa",5,"G",1,1,0,1,1,1
"Alnus_glutinosa",6,"G",1,1,1,1,1,1
"Alnus_glutinosa",6,"G",1,1,1,1,1,1
"Alnus_glutinosa",6,"G",1,1,1,1,1,1
"Alnus_glutinosa",6,"G",1,1,1,1,1,1
"Alnus_glutinosa",6,"G",1,1,1,1,1,1
"Alnus_glutinosa",6,"G",1,1,1,1,1,1
"Alnus_glutinosa",6,"G",1,1,1,1,1,1
"Alnus_glutinosa",6,"G",1,1,1,1,1,1
"Alnus_glutinosa",6,"G",1,1,1,1,1,1
"Alnus_glutinosa",6,"G",1,1,1,1,1,1
"Alnus_glutinosa",6,"G",1,1,1,1,1,1
"Alnus_glutinosa",6,"G",1,1,1,1,1,1
"Alnus_glutinosa",6,"G",1,1,0,1,0,1
"Alnus_glutinosa",7,"G",1,1,1,1,1,1
"Alnus_glutinosa",7,"E",0,0,1,0,1,0
"Alnus_glutinosa",8,"G",1,1,1,1,1,1
"Alnus_glutinosa",8,"E",0,0,1,0,1,0
"Alnus_glutinosa",8,"E",0,0,1,0,1,0
"Alnus_glutinosa",8,"G",1,1,1,1,1,1
"Alnus_glutinosa",9,"G",1,1,1,1,1,1
"Alnus_glutinosa",9,"G",1,1,1,1,1,1
"Alnus_glutinosa",9,"G",1,1,0,1,0,1
"Alnus_glutinosa",9,"G",1,1,1,1,0,1
"Alnus_glutinosa",9,"E",0,0,0,0,1,0
"Alnus_glutinosa",9,"G",1,1,1,1,1,1
"Alnus_glutinosa",9,"G",1,1,0,1,0,1
"Alnus_glutinosa",9,"G",1,1,1,1,1,1
"Alnus_glutinosa",9,"G",1,1,1,1,1,1
"Alnus_glutinosa",9,"E",0,0,0,0,0,0
"Alnus_glutinosa",9,"G",1,1,1,1,1,1
"Alnus_glutinosa",9,"G",1,1,1,1,1,1
"Alnus_glutinosa",9,"G",1,1,0,1,0,1
"Alnus_glutinosa",10,"E",0,0,0,0,1,0
"Alnus_glutinosa",10,"G",1,1,1,1,1,1
"Alnus_glutinosa",10,"G",1,1,1,1,1,1
"Alnus_glutinosa",10,"G",1,1,0,1,1,1
"Alnus_glutinosa",10,"G",1,1,1,1,1,1
"Alnus_glutinosa",10,"G",1,1,1,1,1,1
"Alnus_glutinosa",10,"E",0,0,1,0,1,0
"Alnus_glutinosa",10,"G",1,1,1,1,1,1
"Alnus_glutinosa",10,"G",1,1,1,1,1,1
"Alnus_glutinosa",10,"G",1,0,0,1,1,1
"Alnus_glutinosa",10,"G",1,1,1,1,1,1
"Alnus_glutinosa",10,"G",1,1,1,1,1,1
"Alnus_glutinosa",10,"E",0,0,0,0,1,0
"Alnus_glutinosa",10,"E",0,0,0,0,1,0
"Alnus_glutinosa",11,"G",1,1,1,1,1,1
"Alnus_glutinosa",11,"G",1,1,1,1,1,1
"Alnus_glutinosa",11,"G",1,1,1,1,1,1
"Betula_pendula",15,"G",1,1,0,1,1,1
"Betula_pendula",15,"G",1,1,1,1,1,1
"Betula_pendula",15,"G",1,1,1,1,1,1
"Betula_pendula",15,"G",1,1,1,1,1,1
"Betula_pendula",16,"E",0,1,1,1,1,0
"Betula_pendula",16,"E",0,1,0,1,1,0
"Betula_pendula",16,"G",1,1,1,1,1,1
"Betula_pendula",17,"G",1,1,1,1,1,1
"Betula_pendula",17,"M",0,1,1,1,1,1
"Betula_pendula",17,"M",0,1,1,1,1,1
"Betula_pendula",17,"G",1,1,1,1,1,1
"Betula_pendula",17,"M",0,1,1,1,1,1
"Betula_pendula",17,"M",0,1,1,1,1,1
"Betula_pendula",17,"G",1,1,1,1,1,1
"Betula_pendula",17,"G",1,1,1,1,1,1
"Betula_pendula",17,"G",1,1,1,1,1,1
"Betula_pendula",17,"G",1,1,1,1,1,1
"Betula_pendula",17,"G",1,1,1,1,1,1
"Betula_pendula",17,"G",1,1,1,1,1,1
"Betula_pendula",17,"G",1,1,1,1,1,1
"Betula_pendula",17,"G",1,1,1,1,1,1
"Betula_pendula",17,"G",1,1,1,1,1,1
"Betula_pendula",17,"G",1,1,1,1,1,1
"Betula_pendula",17,"G",1,1,1,1,1,1
"Betula_pendula",17,"G",1,1,1,1,1,1
"Betula_pendula",17,"G",1,1,1,0,1,1
"Betula_pendula",18,"G",1,1,1,1,1,1
"Betula_pendula",18,"G",1,1,1,1,1,1
"Betula_pendula",18,"G",1,1,1,1,1,1
"Betula_pendula",18,"M",0,1,1,1,1,1
"Betula_pendula",18,"G",1,1,1,1,1,1
"Betula_pendula",18,"G",1,1,1,1,1,1
"Betula_pendula",18,"M",0,1,1,1,1,0
"Betula_pendula",18,"G",1,1,1,1,1,1
"Betula_pendula",18,"G",1,1,0,1,1,1
"Betula_pendula",18,"G",1,1,0,1,1,1
"Betula_pendula",18,"E",0,0,1,0,1,0
"Betula_pendula",19,"G",1,1,1,1,1,1
"Betula_pendula",19,"G",1,1,0,1,1,1
"Betula_pendula",19,"G",1,1,1,1,1,1
"Betula_pendula",19,"G",1,1,1,1,1,1
"Betula_pendula",19,"G",1,1,1,1,1,1
"Betula_pendula",19,"G",1,1,1,1,1,1
"Betula_pendula",19,"G",1,1,1,1,1,1
"Betula_pendula",19,"G",1,1,1,1,1,1
"Betula_pendula",19,"G",1,1,1,1,1,1
"Betula_pendula",19,"G",1,1,1,1,1,1
"Betula_pendula",19,"G",1,1,0,1,1,1
"Betula_pendula",19,"G",1,1,0,1,1,1
"Betula_pendula",20,"G",1,1,1,1,1,1
"Betula_pendula",20,"G",1,1,0,1,1,1
"Betula_pendula",20,"G",1,1,1,1,1,1
"Betula_pendula",20,"G",1,1,0,1,1,1
"Betula_pendula",20,"G",1,1,1,1,1,1
"Betula_pendula",20,"M",0,1,1,1,1,1
"Betula_pendula",20,"G",1,1,1,1,1,1
"Betula_pendula",20,"M",0,1,1,1,1,1
"Betula_pendula",20,"E",0,0,0,0,1,0
"Betula_pendula",20,"G",1,1,1,1,1,1
"Betula_pendula",20,"G",1,1,1,1,1,1
"Betula_pendula",20,"G",1,1,1,1,1,1
"Betula_pendula",21,"G",1,1,1,1,1,1
"Betula_pendula",21,"G",1,1,1,1,1,1
"Betula_pendula",21,"M",0,1,1,1,1,1
"Betula_pendula",21,"E",0,0,1,0,1,0
"Betula_pendula",21,"G",1,1,1,1,1,1
"Betula_pendula",21,"G",1,1,0,1,1,1
"Betula_pendula",21,"G",1,1,0,1,1,1
"Betula_pendula",21,"G",1,1,1,1,1,0
"Betula_pendula",21,"M",0,1,1,1,1,1
"Betula_pendula",21,"G",1,1,1,1,1,1
"Betula_pendula",21,"G",1,1,1,1,1,1
"Betula_pendula",21,"G",1,1,1,1,1,1
"Betula_pendula",21,"G",1,1,1,1,1,1
"Betula_pendula",21,"G",1,1,1,1,1,1
"Betula_pendula",21,"E",0,0,1,0,1,0
"Betula_pendula",21,"G",1,1,1,1,1,1
"Betula_pendula",21,"G",1,1,1,1,1,1
"Betula_pendula",21,"M",0,1,1,1,1,1
"Betula_pendula",21,"E",0,0,1,0,1,0
"Betula_pendula",21,"G",1,1,1,1,1,1
"Betula_pendula",21,"G",1,1,1,1,1,1
"Betula_pendula",22,"E",0,0,1,0,1,0
"Betula_pendula",22,"M",0,0,0,0,1,1
"Betula_pendula",22,"G",1,0,1,0,1,0
"Betula_pendula",22,"G",1,1,1,1,1,1
"Betula_pendula",22,"G",1,1,1,1,1,0
"Betula_pendula",22,"G",1,1,1,1,1,1
"Betula_pendula",22,"G",1,1,1,1,1,1
"Betula_pendula",22,"G",1,1,1,1,1,1
"Betula_pendula",22,"G",1,0,1,0,1,0
"Betula_pendula",22,"G",1,1,1,1,1,1
"Betula_pendula",22,"G",1,0,1,1,1,0
"Betula_pendula",22,"M",0,1,1,1,1,1
"Betula_pendula",22,"G",1,1,1,1,1,1
"Betula_pendula",22,"G",1,1,1,1,1,1
"Betula_pendula",22,"G",1,1,1,1,1,1
"Betula_pendula",22,"E",0,1,1,1,1,0
"Betula_pendula",22,"G",1,1,1,1,1,1
"Betula_pendula",22,"G",1,1,1,1,1,1
"Betula_pendula",23,"M",0,1,1,1,1,1
"Betula_pendula",23,"G",1,1,0,1,1,1
"Betula_pendula",23,"E",0,0,1,0,1,0
"Betula_pendula",23,"M",0,0,1,0,1,0
"Betula_pendula",23,"E",0,1,1,1,1,1
"Betula_pendula",24,"E",0,0,0,0,1,0
"Betula_pendula",24,"G",1,1,1,1,1,1
"Betula_pendula",24,"G",1,1,1,1,1,1
"Betula_pendula",24,"M",0,0,0,0,1,0
"Betula_pendula",24,"E",0,0,1,0,1,0
"Betula_pendula",24,"E",0,1,1,1,1,1
"Betula_pendula",24,"E",0,0,1,0,1,0
"Betula_pendula",24,"E",0,0,0,0,1,0
"Betula_pendula",24,"E",0,0,0,0,1,0
"Betula_pendula",24,"E",0,0,1,0,1,0
"Betula_pendula",24,"G",1,1,0,1,1,1
"Betula_pendula",24,"E",0,0,1,0,1,0
"Betula_pendula",24,"G",1,1,1,1,1,1
"Betula_pendula",24,"E",0,0,0,0,1,0
"Betula_pendula",24,"E",0,0,1,0,1,0
"Betula_pendula",24,"E",0,0,1,0,1,0
"Betula_pendula",24,"G",1,1,1,1,1,1
"Betula_pendula",24,"E",0,0,1,0,1,0
"Betula_pendula",24,"E",0,0,1,0,1,0
"Betula_pendula",24,"M",0,0,1,0,1,0
"Betula_pendula",24,"M",0,0,0,1,1,0
"Betula_pendula",24,"G",1,1,0,1,1,1
"Betula_pendula",24,"E",0,0,0,0,1,0
"Betula_pendula",24,"M",0,0,0,0,1,0
"Betula_pendula",24,"E",0,0,1,0,1,0
"Betula_pendula",24,"M",0,0,1,0,1,0
"Betula_pendula",24,"E",0,0,0,0,1,0
"Betula_pendula",24,"E",0,0,1,0,1,0
"Betula_pendula",25,"E",0,0,0,0,1,0
"Betula_pendula",25,"E",0,0,1,0,1,0
"Betula_pendula",25,"G",1,1,1,1,1,1
"Betula_pendula",25,"G",1,1,1,1,1,1
"Betula_pendula",25,"G",1,1,1,1,1,1
"Betula_pendula",25,"G",1,1,1,1,1,1
"Betula_pendula",25,"G",1,1,1,1,1,1
"Betula_pendula",25,"E",0,0,1,0,1,0
"Betula_pendula",25,"M",0,1,1,1,1,1
"Betula_pendula",25,"G",1,1,1,1,1,1
"Betula_pendula",25,"G",1,1,1,1,1,1
"Betula_pendula",25,"E",0,1,1,1,1,0
"Betula_pendula",25,"G",1,1,1,1,1,1
"Betula_pendula",25,"E",0,0,1,0,1,0
"Betula_pendula",25,"M",0,1,1,1,1,1
"Betula_pendula",26,"G",1,1,1,1,1,1
"Betula_pendula",26,"M",0,1,1,1,1,1
"Betula_pendula",26,"E",0,0,0,0,1,0
"Betula_pendula",26,"G",1,1,1,1,1,1
"Betula_pendula",26,"G",1,1,1,1,1,1
"Betula_pendula",26,"G",1,1,1,1,1,0
"Betula_pendula",26,"G",1,1,1,1,1,1
"Betula_pendula",26,"G",1,0,1,0,1,0
"Betula_pendula",26,"G",1,1,1,1,1,1
"Betula_pendula",26,"M",0,1,1,1,1,1
"Betula_pendula",27,"G",1,1,0,0,1,0
"Betula_pendula",27,"G",1,1,1,1,1,1
"Betula_pendula",27,"E",0,0,1,0,1,0
"Betula_pendula",27,"G",1,1,0,1,1,0
"Betula_pendula",27,"G",1,1,0,1,1,1
"Betula_pendula",27,"G",1,1,1,1,1,1
"Betula_pendula",27,"G",1,0,0,0,1,0
"Betula_pendula",27,"M",0,0,0,0,1,0
"Betula_pendula",27,"G",1,1,0,1,1,1
"Betula_pendula",27,"G",1,1,0,1,1,1
"Betula_pendula",27,"M",0,1,1,1,1,1
"Betula_pendula",27,"M",0,0,0,1,1,0
"Betula_pendula",27,"G",1,1,1,1,1,0
"Betula_pendula",27,"M",0,1,0,1,1,1
"Betula_pendula",27,"G",1,1,1,1,1,1
"Betula_pendula",27,"G",1,1,0,0,1,0
"Betula_pendula",27,"M",0,0,0,0,1,0
"Betula_pendula",27,"M",0,0,1,0,1,0
"Betula_pendula",27,"M",0,0,0,0,1,0
"Betula_pendula",27,"G",1,1,0,1,1,1
"Betula_pendula",27,"E",0,0,1,0,1,0
"Betula_pendula",27,"E",0,0,1,0,1,0
"Betula_pendula",27,"E",0,0,1,0,1,0
"Betula_pendula",27,"M",0,1,1,1,1,0
"Betula_pendula",27,"G",1,0,1,0,1,0
"Betula_pendula",27,"G",1,1,0,1,1,1
"Betula_pendula",27,"G",1,1,0,1,1,1
"Betula_pendula",27,"E",0,0,1,0,1,0
"Betula_pendula",27,"G",1,1,1,1,1,1
"Betula_pendula",27,"G",1,1,1,1,1,1
"Betula_pendula",28,"G",1,1,0,1,1,1
"Betula_pendula",28,"E",0,0,1,0,1,0
"Betula_pendula",28,"G",1,1,1,1,1,1
"Betula_pendula",28,"M",0,1,1,1,1,1
"Betula_pendula",28,"G",1,1,1,1,1,1
"Betula_pendula",28,"M",0,1,1,1,1,1
"Betula_pendula",28,"G",1,1,1,1,1,1
"Betula_pendula",28,"G",1,1,1,1,1,1
"Betula_pendula",29,"G",1,1,1,1,1,1
"Betula_pendula",29,"G",1,1,1,1,1,1
"Betula_pendula",29,"G",1,1,1,1,1,1
"Betula_pendula",29,"M",0,1,1,1,1,1
"Betula_pendula",29,"G",1,1,1,1,1,1
"Betula_pendula",29,"G",1,1,1,1,1,1
"Betula_pendula",29,"G",1,1,0,1,1,1
"Betula_pendula",29,"G",1,1,1,1,1,1
"Betula_pendula",29,"G",1,1,1,1,1,1
"Betula_pubescens",1,"M",0,1,1,1,1,1
"Betula_pubescens",1,"G",1,1,1,1,1,1
"Betula_pubescens",1,"G",1,1,1,0,1,1
"Betula_pubescens",1,"M",0,1,1,1,1,1
"Betula_pubescens",1,"G",1,1,1,1,1,1
"Betula_pubescens",1,"G",1,1,1,0,1,1
"Betula_pubescens",1,"G",1,1,1,1,1,1
"Betula_pubescens",1,"G",1,1,0,1,1,1
"Betula_pubescens",1,"G",1,1,1,1,1,1
"Betula_pubescens",1,"M",0,1,1,1,1,1
"Betula_pubescens",1,"G",1,1,1,1,1,1
"Betula_pubescens",1,"G",1,1,1,0,1,1
"Betula_pubescens",1,"G",1,1,0,1,1,1
"Betula_pubescens",1,"M",0,1,1,1,1,1
"Betula_pubescens",1,"X",1,1,0,1,1,1
"Betula_pubescens",2,"G",1,1,0,1,1,1
"Betula_pubescens",2,"G",1,1,1,1,1,1
"Betula_pubescens",2,"G",1,1,1,1,1,1
"Betula_pubescens",2,"G",1,1,1,1,1,1
"Betula_pubescens",2,"G",1,1,0,1,1,0
"Betula_pubescens",3,"E",0,1,1,1,1,1
"Betula_pubescens",3,"G",1,1,1,1,1,1
"Betula_pubescens",3,"G",1,1,1,1,1,1
"Betula_pubescens",3,"X",1,1,1,1,1,1
"Betula_pubescens",3,"X",1,0,1,0,1,0
"Betula_pubescens",3,"X",1,1,1,1,1,1
"Betula_pubescens",3,"X",1,1,1,1,1,1
"Betula_pubescens",3,"G",1,1,1,1,1,1
"Betula_pubescens",3,"M",0,1,1,1,1,1
"Betula_pubescens",3,"G",1,1,1,1,1,1
"Betula_pubescens",3,"G",1,1,1,1,1,1
"Betula_pubescens",3,"G",1,1,1,1,1,1
"Betula_pubescens",3,"G",1,1,1,1,1,1
"Betula_pubescens",3,"G",1,1,1,1,1,1
"Betula_pubescens",3,"M",0,1,1,1,1,1
"Betula_pubescens",3,"X",1,1,1,1,1,1
"Betula_pubescens",3,"G",1,1,1,1,1,1
"Betula_pubescens",4,"E",0,0,1,0,1,0
"Betula_pubescens",4,"M",0,1,1,1,1,1
"Betula_pubescens",4,"G",1,1,1,1,1,1
"Betula_pubescens",4,"G",1,1,1,1,1,1
"Betula_pubescens",4,"M",0,1,1,1,1,1
"Betula_pubescens",4,"G",1,1,1,1,1,1
"Betula_pubescens",4,"E",0,0,0,0,1,0
"Betula_pubescens",4,"G",1,1,1,1,1,1
"Betula_pubescens",4,"G",1,1,1,1,1,1
"Betula_pubescens",4,"G",1,1,1,1,1,1
"Betula_pubescens",4,"E",0,1,1,0,1,0
"Betula_pubescens",5,"M",0,1,1,1,0,1
"Betula_pubescens",5,"M",0,1,0,1,0,1
"Betula_pubescens",5,"E",0,0,1,0,1,0
"Betula_pubescens",5,"E",0,0,1,0,1,0
"Betula_pubescens",5,"M",0,1,0,1,1,1
"Betula_pubescens",5,"M",0,1,0,1,1,1
"Betula_pubescens",6,"G",1,1,0,1,1,1
"Betula_pubescens",6,"E",0,0,0,0,1,0
"Betula_pubescens",6,"G",1,0,1,1,0,1
"Betula_pubescens",6,"G",1,1,1,1,1,1
"Betula_pubescens",6,"V",0,0,0,1,1,1
"Betula_pubescens",6,"G",1,0,0,0,1,0
"Betula_pubescens",7,"M",0,1,1,1,1,1
"Betula_pubescens",7,"G",1,1,1,1,1,1
"Betula_pubescens",7,"M",0,1,1,1,1,1
"Betula_pubescens",7,"G",1,1,1,1,1,1
"Betula_pubescens",7,"G",1,1,0,1,1,1
"Betula_pubescens",7,"G",1,1,1,1,1,1
"Betula_pubescens",7,"M",0,1,1,0,1,1
"Betula_pubescens",7,"E",0,0,0,0,1,0
"Betula_pubescens",7,"E",0,0,1,0,1,0
"Betula_pubescens",7,"G",1,1,0,1,1,1
"Betula_pubescens",7,"M",0,1,1,1,1,1
"Betula_pubescens",7,"E",0,0,0,0,1,0
"Betula_pubescens",7,"M",0,1,0,1,1,1
"Betula_pubescens",7,"G",1,1,1,1,1,1
"Betula_pubescens",7,"G",1,1,1,1,1,1
"Betula_pubescens",8,"M",0,1,0,0,1,1
"Betula_pubescens",8,"E",0,0,0,0,1,0
"Betula_pubescens",8,"G",1,1,0,1,1,1
"Betula_pubescens",8,"M",0,1,1,1,1,1
"Betula_pubescens",8,"G",1,1,0,1,1,1
"Betula_pubescens",8,"M",0,1,1,0,1,0
"Betula_pubescens",8,"G",1,1,1,1,1,1
"Betula_pubescens",8,"G",1,1,1,1,1,1
"Betula_pubescens",8,"G",1,1,1,1,1,1
"Betula_pubescens",8,"G",1,1,1,1,1,1
"Betula_pubescens",8,"G",1,1,1,1,1,1
"Betula_pubescens",8,"G",1,1,1,1,1,1
"Betula_pubescens",8,"E",0,1,1,0,1,1
"Betula_pubescens",8,"G",1,1,1,1,1,1
"Betula_pubescens",8,"G",1,1,1,1,1,1
"Betula_pubescens",8,"G",1,1,1,1,1,1
"Betula_pubescens",9,"G",1,1,1,1,1,1
"Betula_pubescens",9,"G",1,1,1,1,0,1
"Betula_pubescens",9,"M",0,1,0,1,1,1
"Betula_pubescens",9,"E",0,0,1,0,0,0
"Betula_pubescens",9,"G",1,0,1,1,1,1
"Betula_pubescens",9,"G",1,1,1,0,1,1
"Betula_pubescens",9,"E",0,0,1,0,1,0
"Betula_pubescens",9,"G",1,1,1,1,1,1
"Betula_pubescens",9,"G",1,1,1,1,1,1
"Betula_pubescens",9,"E",0,0,1,0,1,0
"Betula_pubescens",9,"G",1,1,0,0,1,1
"Betula_pubescens",9,"E",0,0,1,0,0,0
"Betula_pubescens",9,"E",0,0,0,0,1,0
"Betula_pubescens",10,"G",1,1,1,1,1,1
"Betula_pubescens",10,"M",0,1,1,1,1,1
"Betula_pubescens",10,"G",1,1,0,1,1,1
"Betula_pubescens",10,"G",1,1,1,1,1,1
"Betula_pubescens",10,"G",1,1,1,1,1,1
"Betula_pubescens",10,"M",0,1,1,1,1,1
"Betula_pubescens",10,"E",0,0,1,0,1,0
"Betula_pubescens",10,"E",0,0,0,0,1,0
"Betula_pubescens",10,"M",0,1,1,1,1,1
"Betula_pubescens",10,"G",1,1,1,1,1,1
"Betula_pubescens",10,"M",0,1,0,1,1,1
"Betula_pubescens",10,"E",0,0,1,0,1,0
"Betula_pubescens",11,"X",1,1,1,1,1,1
"Betula_pubescens",11,"X",1,1,1,1,1,1
"Betula_pubescens",11,"X",1,1,1,0,1,0
"Betula_pubescens",11,"X",1,1,1,1,1,1
"Betula_pubescens",11,"X",1,0,1,0,1,0
"Betula_pubescens",11,"X",1,1,1,1,1,1
"Betula_pubescens",11,"X",1,1,0,1,1,1
"Betula_pubescens",11,"X",1,1,1,0,1,0
"Betula_pubescens",11,"V",0,1,1,1,1,1
"Betula_pubescens",12,"G",1,1,1,1,1,1
"Betula_pubescens",12,"G",1,1,1,1,1,1
"Betula_pubescens",12,"M",0,1,1,1,1,1
"Betula_pubescens",12,"G",1,1,1,1,1,1
"Betula_pubescens",12,"G",1,1,1,1,1,1
"Betula_pubescens",12,"G",1,1,1,1,1,1
"Betula_pubescens",12,"G",1,1,1,1,1,1
"Betula_pubescens",12,"G",1,1,1,1,1,1
"Betula_pubescens",12,"M",0,1,1,1,1,1
"Betula_pubescens",12,"G",1,1,1,1,1,1
"Betula_pubescens",12,"G",1,1,1,1,1,1
"Betula_pubescens",12,"G",1,1,1,1,1,1
"Betula_pubescens",12,"G",1,1,1,1,1,1
"Betula_pubescens",12,"G",1,1,1,1,1,1
"Betula_pubescens",12,"E",0,1,1,1,1,1
"Betula_pubescens",12,"E",0,1,1,1,1,1
"Betula_pubescens",12,"G",1,1,1,1,1,1
"Betula_pubescens",12,"G",1,1,1,1,1,1
"Betula_pubescens",13,"E",0,1,1,1,1,1
"Betula_pubescens",13,"E",0,0,0,0,1,0
"Betula_pubescens",13,"E",0,0,1,1,1,1
"Betula_pubescens",13,"G",1,1,1,1,1,1
"Betula_pubescens",13,"G",1,1,1,1,1,1
"Betula_pubescens",13,"E",0,1,0,1,1,1
"Betula_pubescens",13,"M",0,1,1,1,1,1
"Betula_pubescens",13,"M",0,1,1,1,1,1
"Betula_pubescens",13,"G",1,1,1,1,1,1
"Betula_pubescens",13,"V",0,1,1,1,1,1
"Betula_pubescens",14,"G",1,1,1,1,1,1
"Betula_pubescens",14,"G",1,1,1,1,1,1
"Betula_pubescens",14,"V",0,1,1,1,1,1
"Betula_pubescens",14,"E",0,0,1,0,1,0
"Betula_pubescens",14,"E",0,0,1,0,1,0
"Betula_pubescens",14,"G",1,1,1,1,1,1
"Betula_pubescens",14,"G",1,1,1,1,1,1
"Betula_pubescens",14,"E",0,0,1,0,1,0
"Betula_pubescens",14,"G",1,1,1,1,1,1
"Betula_pubescens",14,"G",1,1,1,1,1,1
"Betula_pubescens",14,"G",1,1,1,1,1,1
"Betula_pubescens",14,"G",1,1,1,1,1,1
"Betula_pubescens",14,"V",0,1,1,1,1,1
"Betula_pubescens",14,"M",0,1,0,1,1,1
"Betula_pubescens",14,"G",1,1,1,1,1,1
"Betula_pubescens",14,"G",1,1,1,1,1,1
"Betula_pubescens",14,"G",1,1,0,1,1,1
"Betula_pubescens",15,"E",0,1,1,1,1,1
"Betula_pubescens",15,"G",1,1,1,1,1,1
"Betula_pubescens",15,"G",1,1,1,1,1,1
"Betula_pubescens",15,"G",1,1,1,1,1,1
"Betula_pubescens",15,"G",1,1,1,1,1,1
"Betula_pubescens",15,"G",1,1,1,1,1,1
"Betula_pubescens",15,"E",0,0,0,1,1,0
"Betula_pubescens",15,"G",1,1,1,1,1,1
"Betula_pubescens",15,"E",0,0,0,0,1,0
"Betula_pubescens",15,"E",0,0,0,0,1,0
"Betula_pubescens",15,"E",0,0,1,0,1,0
"Betula_pubescens",15,"E",0,0,1,0,1,0
"Betula_pubescens",15,"E",0,0,0,0,1,0
"Betula_pubescens",16,"G",1,1,1,1,1,1
"Betula_pubescens",16,"G",1,1,1,1,1,1
"Betula_pubescens",16,"V",0,1,1,1,1,1
"Betula_pubescens",16,"G",1,1,1,1,1,1
"Betula_pubescens",16,"M",0,1,1,1,1,1
"Betula_pubescens",16,"G",1,1,1,1,1,1
"Betula_pubescens",16,"E",0,0,1,0,1,0
"Betula_pubescens",16,"M",0,1,1,1,1,1
"Betula_pubescens",16,"G",1,1,1,1,1,1
"Betula_pubescens",16,"G",1,1,1,1,1,1
"Betula_pubescens",16,"G",1,1,1,1,1,1
"Betula_pubescens",16,"G",1,1,1,1,1,1
"Betula_pubescens",16,"M",0,1,1,1,1,1
"Betula_pubescens",16,"G",1,1,1,1,1,1
"Betula_pubescens",16,"G",1,1,1,1,1,1
"Betula_pubescens",16,"G",1,0,0,1,1,1
"Pinus_sylvestris",12,"M",0,1,1,1,1,1
"Pinus_sylvestris",12,"V",0,1,1,1,0,1
"Pinus_sylvestris",12,"G",1,1,1,1,1,1
"Pinus_sylvestris",12,"M",0,1,1,1,1,1
"Pinus_sylvestris",12,"M",0,1,1,1,1,1
"Pinus_sylvestris",12,"M",0,1,1,1,1,1
"Pinus_sylvestris",12,"G",1,1,1,1,1,1
"Pinus_sylvestris",12,"G",1,1,1,1,1,1
"Pinus_sylvestris",12,"G",1,1,1,1,1,1
"Pinus_sylvestris",12,"G",1,1,1,1,1,1
"Pinus_sylvestris",12,"G",1,0,1,0,0,0
"Pinus_sylvestris",12,"G",1,1,1,0,0,1
"Pinus_sylvestris",12,"G",1,1,1,1,1,1
"Pinus_sylvestris",12,"M",0,1,1,1,1,1
"Pinus_sylvestris",12,"V",0,1,1,1,1,1
"Pinus_sylvestris",12,"G",1,1,1,1,1,1
"Pinus_sylvestris",12,"M",0,1,1,1,1,1
"Pinus_sylvestris",12,"M",0,1,1,1,1,1
"Pinus_sylvestris",12,"G",1,1,1,1,1,1
"Pinus_sylvestris",12,"G",1,1,1,1,1,1
"Pinus_sylvestris",12,"G",1,1,1,1,1,1
"Pinus_sylvestris",12,"G",1,1,1,1,1,1
"Pinus_sylvestris",12,"G",1,1,1,1,1,1
"Pinus_sylvestris",12,"G",1,1,1,1,1,1
"Pinus_sylvestris",12,"G",1,1,1,1,1,1
"Pinus_sylvestris",12,"G",1,1,1,1,1,1
"Pinus_sylvestris",12,"G",1,1,1,1,1,1
"Pinus_sylvestris",12,"G",1,1,1,1,1,1
"Pinus_sylvestris",12,"M",0,1,1,1,0,1
"Pinus_sylvestris",12,"G",1,1,1,1,1,1
"Pinus_sylvestris",12,"M",0,1,1,1,0,1
"Pinus_sylvestris",12,"G",1,1,1,1,1,1
"Pinus_sylvestris",12,"G",1,1,1,1,1,1
"Pinus_sylvestris",12,"M",0,1,1,1,1,0
"Pinus_sylvestris",12,"M",0,1,1,1,1,1
"Pinus_sylvestris",12,"V",0,1,1,1,1,1
"Pinus_sylvestris",13,"G",1,1,1,1,1,1
"Pinus_sylvestris",13,"G",1,1,1,1,1,1
"Pinus_sylvestris",13,"G",1,1,1,1,1,1
"Pinus_sylvestris",13,"G",1,1,1,1,1,1
"Pinus_sylvestris",13,"G",1,1,1,1,1,1
"Pinus_sylvestris",13,"G",1,1,1,1,1,1
"Pinus_sylvestris",13,"G",1,1,1,1,1,1
"Pinus_sylvestris",13,"G",1,1,1,1,1,1
"Pinus_sylvestris",13,"G",1,1,1,1,1,1
"Pinus_sylvestris",13,"G",1,1,1,1,1,1
"Pinus_sylvestris",13,"G",1,1,1,1,1,1
"Pinus_sylvestris",13,"G",1,1,1,1,1,1
"Pinus_sylvestris",13,"G",1,1,1,1,1,1
"Pinus_sylvestris",11,"M",0,0,0,1,0,1
"Pinus_sylvestris",11,"M",0,1,0,1,0,0
"Pinus_sylvestris",11,"E",0,0,1,0,1,0
"Pinus_sylvestris",11,"M",0,1,0,1,1,1
"Pinus_sylvestris",11,"M",0,1,1,1,1,1
"Pinus_sylvestris",11,"G",1,1,0,1,0,0
"Pinus_sylvestris",11,"G",1,1,0,1,0,1
"Pinus_sylvestris",11,"E",0,0,0,0,0,0
"Pinus_sylvestris",11,"M",0,1,0,1,1,1
"Pinus_sylvestris",11,"G",1,0,0,1,0,1
"Pinus_sylvestris",11,"G",1,1,1,1,1,1
"Pinus_sylvestris",11,"G",1,1,1,1,1,1
"Pinus_sylvestris",15,"G",1,1,1,1,1,1
"Pinus_sylvestris",15,"G",1,1,1,1,1,1
"Pinus_sylvestris",15,"G",1,1,1,1,1,1
"Pinus_sylvestris",15,"G",1,1,1,1,1,1
"Pinus_sylvestris",15,"G",1,1,1,1,1,1
"Pinus_sylvestris",15,"G",1,1,1,1,1,1
"Pinus_sylvestris",15,"E",0,0,0,0,1,0
"Pinus_sylvestris",4,"G",1,1,1,1,1,1
"Pinus_sylvestris",4,"M",0,1,1,1,1,1
"Pinus_sylvestris",14,"G",1,1,0,1,1,1
"Pinus_sylvestris",14,"G",1,1,1,1,1,1
"Pinus_sylvestris",14,"G",1,1,1,1,1,1
"Pinus_sylvestris",14,"G",1,1,1,1,1,1
"Pinus_sylvestris",14,"G",1,1,1,1,1,1
"Pinus_sylvestris",14,"M",0,1,1,1,1,1
"Pinus_sylvestris",14,"G",1,1,1,1,1,1
"Pinus_sylvestris",14,"G",1,1,1,1,1,1
"Pinus_sylvestris",14,"G",1,1,1,1,0,1
"Pinus_sylvestris",14,"G",1,1,1,1,1,1
"Pinus_sylvestris",14,"G",1,1,1,1,1,1
"Pinus_sylvestris",14,"G",1,1,1,1,1,1
"Pinus_sylvestris",14,"M",0,1,0,1,0,1
"Pinus_sylvestris",14,"G",1,1,1,1,1,1
"Pinus_sylvestris",14,"G",1,1,1,1,1,1
"Pinus_sylvestris",14,"G",1,1,1,1,1,1
"Pinus_sylvestris",14,"M",0,1,1,1,1,1
"Pinus_sylvestris",14,"M",0,0,0,1,1,1
"Pinus_sylvestris",14,"M",0,1,1,1,1,1
"Pinus_sylvestris",14,"G",1,1,1,1,1,1
"Pinus_sylvestris",10,"G",1,1,1,1,1,1
"Pinus_sylvestris",10,"G",1,1,1,1,1,1
"Pinus_sylvestris",10,"G",1,1,1,1,1,1
"Pinus_sylvestris",10,"G",1,1,1,1,1,1
"Pinus_sylvestris",10,"G",1,1,1,1,1,1
"Pinus_sylvestris",10,"G",1,1,1,1,1,1
"Pinus_sylvestris",10,"G",1,1,1,1,1,1
"Pinus_sylvestris",10,"G",1,1,1,1,1,1
"Pinus_sylvestris",10,"E",0,0,1,0,1,0
"Pinus_sylvestris",10,"G",1,1,1,1,1,1
"Pinus_sylvestris",10,"G",1,1,1,1,1,1
"Pinus_sylvestris",10,"G",1,1,1,1,1,1
"Pinus_sylvestris",10,"G",1,1,1,1,1,1
"Pinus_sylvestris",10,"G",1,1,1,1,1,1
"Pinus_sylvestris",10,"G",1,1,1,1,1,0
"Pinus_sylvestris",10,"M",0,1,1,1,1,0
"Pinus_sylvestris",10,"G",1,1,1,1,1,1
"Pinus_sylvestris",10,"G",1,1,1,1,1,1
"Pinus_sylvestris",10,"G",1,1,1,1,1,1
"Pinus_sylvestris",10,"G",1,1,1,1,1,1
"Pinus_sylvestris",10,"G",1,1,1,1,1,1
"Pinus_sylvestris",10,"G",1,1,1,1,1,1
"Pinus_sylvestris",10,"G",1,1,1,1,1,1
"Pinus_sylvestris",10,"G",1,1,1,1,1,1
"Pinus_sylvestris",10,"G",1,1,1,1,1,1
"Pinus_sylvestris",10,"G",1,1,1,1,1,1
"Pinus_sylvestris",10,"G",1,1,1,1,1,1
"Pinus_sylvestris",10,"G",1,1,1,1,1,1
"Pinus_sylvestris",10,"G",1,1,1,1,1,1
"Pinus_sylvestris",10,"G",1,1,1,1,1,1
"Pinus_sylvestris",10,"G",1,1,1,1,1,1
"Pinus_sylvestris",10,"G",1,1,1,1,1,1
"Pinus_sylvestris",10,"M",0,0,1,0,1,0
"Pinus_sylvestris",10,"E",0,0,0,0,0,0
"Pinus_sylvestris",3,"G",1,1,1,1,1,1
"Pinus_sylvestris",3,"G",1,1,1,1,1,1
"Pinus_sylvestris",5,"G",1,1,1,1,0,1
"Pinus_sylvestris",5,"G",1,0,0,0,1,0
"Pinus_sylvestris",9,"M",0,1,1,1,1,1
"Pinus_sylvestris",9,"G",1,1,1,1,1,1
"Pinus_sylvestris",9,"G",1,1,1,1,1,1
"Pinus_sylvestris",9,"G",1,1,1,1,1,1
"Pinus_sylvestris",9,"G",1,1,1,1,1,1
"Pinus_sylvestris",9,"G",1,1,1,1,1,1
"Pinus_sylvestris",9,"M",0,1,1,1,1,1
"Pinus_sylvestris",9,"M",0,1,1,1,0,1
"Pinus_sylvestris",9,"M",0,1,1,1,1,1
"Pinus_sylvestris",16,"E",0,0,1,0,0,0
"Pinus_sylvestris",16,"E",0,0,0,0,0,0
"Pinus_sylvestris",16,"E",0,0,1,0,1,0
"Pinus_sylvestris",16,"E",0,0,0,0,0,0
"Pinus_sylvestris",16,"G",1,1,0,1,0,0
"Pinus_sylvestris",16,"G",1,1,0,1,1,1
"Pinus_sylvestris",16,"E",0,0,0,0,0,0
"Pinus_sylvestris",16,"E",0,0,0,0,0,0
"Pinus_sylvestris",16,"E",0,0,0,0,1,0
"Pinus_sylvestris",16,"E",0,0,1,0,1,0
"Pinus_sylvestris",16,"G",1,1,1,1,1,1
"Pinus_sylvestris",16,"M",0,0,0,0,0,0
"Pinus_sylvestris",16,"E",0,0,0,0,0,0
"Pinus_sylvestris",16,"G",1,1,1,1,1,0
"Pinus_sylvestris",16,"G",1,1,0,1,1,1
"Pinus_sylvestris",16,"G",1,1,0,1,0,1
"Pinus_sylvestris",16,"G",1,1,1,1,1,0
"Pinus_sylvestris",16,"G",1,1,0,1,0,1
"Pinus_sylvestris",16,"E",0,0,0,0,1,0
"Pinus_sylvestris",16,"G",1,1,1,1,1,1
"Pinus_sylvestris",16,"E",0,0,0,0,0,0
"Pinus_sylvestris",16,"E",0,0,0,0,0,0
"Pinus_sylvestris",16,"E",0,0,0,0,0,0
"Pinus_sylvestris",16,"G",1,1,1,1,0,1
"Pinus_sylvestris",16,"E",0,0,0,0,0,0
"Pinus_sylvestris",16,"E",0,0,1,0,1,0
"Pinus_sylvestris",16,"E",0,0,0,0,0,0
"Pinus_sylvestris",16,"E",0,0,0,0,0,0
"Pinus_sylvestris",16,"E",0,0,0,0,0,0
"Pinus_sylvestris",16,"E",0,0,0,0,0,0
"Pinus_sylvestris",16,"E",0,0,1,0,1,0
"Pinus_sylvestris",16,"G",1,1,1,1,1,1
"Pinus_sylvestris",16,"E",0,0,0,0,1,0
"Pinus_sylvestris",16,"G",1,1,1,1,1,0
"Pinus_sylvestris",16,"G",1,1,1,1,0,1
"Pinus_sylvestris",2,"G",1,1,1,1,1,1
"Pinus_sylvestris",2,"G",1,1,1,1,1,1
"Pinus_sylvestris",2,"G",1,1,1,1,1,1
"Pinus_sylvestris",2,"G",1,0,1,0,1,0
"Pinus_sylvestris",1,"G",1,1,1,1,1,1
"Pinus_sylvestris",6,"G",1,1,1,1,1,1
"Pinus_sylvestris",6,"G",1,1,1,1,1,1
"Pinus_sylvestris",6,"G",1,1,1,1,1,1
"Pinus_sylvestris",8,"M",0,1,0,1,0,1
"Pinus_sylvestris",8,"M",0,1,1,1,1,0
"Pinus_sylvestris",8,"G",1,1,0,1,0,0
"Pinus_sylvestris",8,"G",1,1,1,1,1,1
"Pinus_sylvestris",8,"G",1,1,1,1,1,1
"Pinus_sylvestris",8,"G",1,1,1,1,1,1
"Pinus_sylvestris",8,"G",1,1,1,1,1,1
"Pinus_sylvestris",8,"M",0,1,1,1,1,1
"Pinus_sylvestris",8,"G",1,1,1,1,1,1
"Pinus_sylvestris",8,"G",1,1,1,1,1,1
"Pinus_sylvestris",7,"G",1,1,1,1,1,1
"Pinus_sylvestris",7,"G",1,1,1,1,1,0
"Pinus_sylvestris",7,"G",1,1,1,1,1,1
"Pinus_sylvestris",7,"M",0,0,1,0,1,0
"Pinus_sylvestris",7,"G",1,1,1,1,1,1
"Pinus_sylvestris",7,"G",1,1,1,1,1,1
"Pinus_sylvestris",7,"G",1,1,1,1,1,1
"Pinus_sylvestris",7,"G",1,1,1,1,1,1
"Sorbus_aucuparia",1,"G",1,1,1,1,1,1
"Sorbus_aucuparia",1,"G",1,1,1,1,1,1
"Sorbus_aucuparia",1,"G",1,1,1,1,1,1
"Sorbus_aucuparia",1,"V",0,1,1,1,1,1
"Sorbus_aucuparia",1,"G",1,1,1,1,1,1
"Sorbus_aucuparia",1,"G",1,1,1,1,1,1
"Sorbus_aucuparia",1,"V",0,1,1,1,1,1
"Sorbus_aucuparia",1,"G",1,1,1,1,1,1
"Sorbus_aucuparia",1,"G",1,1,1,1,1,1
"Sorbus_aucuparia",2,"G",1,1,1,1,1,1
"Sorbus_aucuparia",2,"G",1,1,1,1,1,1
"Sorbus_aucuparia",2,"G",1,1,1,1,1,1
"Sorbus_aucuparia",2,"G",1,1,1,1,1,1
"Sorbus_aucuparia",2,"G",1,1,1,1,1,1
"Sorbus_aucuparia",2,"G",1,1,1,1,1,1
"Sorbus_aucuparia",2,"G",1,1,1,1,1,1
"Sorbus_aucuparia",2,"G",1,1,1,1,1,1
"Sorbus_aucuparia",2,"G",1,1,1,1,1,1
"Sorbus_aucuparia",2,"G",1,1,1,1,1,1
"Sorbus_aucuparia",2,"G",1,1,1,1,1,1
"Sorbus_aucuparia",2,"G",1,1,1,1,1,1
"Sorbus_aucuparia",2,"V",0,1,1,1,1,1
"Sorbus_aucuparia",2,"G",1,1,1,1,1,1
"Sorbus_aucuparia",2,"G",1,1,1,1,1,1
"Sorbus_aucuparia",2,"G",1,1,1,1,1,1
"Sorbus_aucuparia",2,"G",1,1,1,1,1,1
"Sorbus_aucuparia",3,"G",1,1,1,1,1,1
"Sorbus_aucuparia",3,"G",1,1,1,1,1,1
"Sorbus_aucuparia",3,"G",1,1,1,1,1,1
"Sorbus_aucuparia",3,"G",1,1,1,1,1,1
"Sorbus_aucuparia",3,"G",1,1,1,1,1,1
"Sorbus_aucuparia",3,"G",1,1,1,1,1,1
"Sorbus_aucuparia",3,"G",1,1,1,1,1,1
"Sorbus_aucuparia",3,"G",1,1,1,1,1,1
"Sorbus_aucuparia",3,"V",0,1,1,1,1,1
"Sorbus_aucuparia",3,"M",0,1,1,1,1,1
"Sorbus_aucuparia",3,"G",1,1,1,1,1,1
"Sorbus_aucuparia",3,"G",1,1,1,1,1,1
"Sorbus_aucuparia",3,"G",1,1,1,1,1,1
"Sorbus_aucuparia",3,"G",1,1,1,1,1,1
"Sorbus_aucuparia",3,"G",1,1,1,1,1,1
"Sorbus_aucuparia",3,"G",1,1,1,1,1,1
"Sorbus_aucuparia",3,"G",1,1,1,1,1,1
"Sorbus_aucuparia",3,"G",1,1,1,1,1,1
"Sorbus_aucuparia",3,"G",1,1,1,1,1,1
"Sorbus_aucuparia",3,"G",1,1,1,1,1,1
"Sorbus_aucuparia",3,"G",1,1,1,1,1,1
"Sorbus_aucuparia",3,"G",1,1,1,1,1,1
"Sorbus_aucuparia",3,"G",1,1,1,1,1,1
"Sorbus_aucuparia",3,"G",1,1,1,1,1,1
"Sorbus_aucuparia",3,"G",1,1,1,1,1,1
"Sorbus_aucuparia",3,"G",1,1,1,1,1,1
"Sorbus_aucuparia",3,"G",1,1,1,1,1,1
"Sorbus_aucuparia",3,"X",1,1,1,1,1,1
"Sorbus_aucuparia",4,"G",1,1,1,1,1,1
"Sorbus_aucuparia",4,"G",1,1,1,1,1,1
"Sorbus_aucuparia",4,"G",1,1,1,1,1,1
"Sorbus_aucuparia",4,"G",1,1,1,1,1,1
"Sorbus_aucuparia",4,"G",1,1,1,1,1,1
"Sorbus_aucuparia",14,"G",1,1,1,1,1,1
"Sorbus_aucuparia",14,"G",1,1,1,1,1,1
"Sorbus_aucuparia",14,"G",1,1,1,1,1,1
"Sorbus_aucuparia",5,"G",1,1,1,1,1,1
"Sorbus_aucuparia",5,"G",1,1,1,1,1,1
"Sorbus_aucuparia",5,"V",0,1,1,1,1,1
"Sorbus_aucuparia",5,"G",1,1,1,1,1,1
"Sorbus_aucuparia",5,"G",1,1,1,1,1,1
"Sorbus_aucuparia",5,"G",1,1,1,1,1,1
"Sorbus_aucuparia",5,"G",1,1,1,1,1,1
"Sorbus_aucuparia",5,"G",1,1,1,1,1,1
"Sorbus_aucuparia",5,"G",1,1,1,1,1,1
"Sorbus_aucuparia",5,"G",1,1,1,1,1,1
"Sorbus_aucuparia",5,"G",1,1,1,1,1,1
"Sorbus_aucuparia",5,"G",1,1,1,1,1,1
"Sorbus_aucuparia",5,"G",1,1,1,1,1,1
"Sorbus_aucuparia",5,"G",1,1,1,1,1,1
"Sorbus_aucuparia",5,"G",1,1,1,1,1,1
"Sorbus_aucuparia",5,"G",1,1,1,1,1,1
"Sorbus_aucuparia",5,"G",1,1,1,1,1,1
"Sorbus_aucuparia",5,"G",1,1,1,1,1,1
"Sorbus_aucuparia",5,"G",1,1,1,1,1,1
"Sorbus_aucuparia",5,"G",1,1,1,1,1,1
"Sorbus_aucuparia",5,"G",1,1,1,1,1,1
"Sorbus_aucuparia",5,"G",1,1,1,1,1,1
"Sorbus_aucuparia",6,"G",1,1,1,1,1,1
"Sorbus_aucuparia",6,"G",1,1,1,1,1,1
"Sorbus_aucuparia",6,"X",1,1,1,1,1,1
"Sorbus_aucuparia",6,"G",1,1,1,1,1,1
"Sorbus_aucuparia",6,"G",1,1,1,1,1,1
"Sorbus_aucuparia",6,"G",1,1,1,1,1,1
"Sorbus_aucuparia",6,"G",1,1,1,1,1,1
"Sorbus_aucuparia",6,"G",1,1,1,1,1,1
"Sorbus_aucuparia",6,"M",0,1,1,1,1,1
"Sorbus_aucuparia",6,"G",1,1,1,1,1,1
"Sorbus_aucuparia",6,"G",1,1,1,1,1,1
"Sorbus_aucuparia",6,"G",1,1,1,1,1,1
"Sorbus_aucuparia",6,"G",1,1,1,1,1,1
"Sorbus_aucuparia",6,"G",1,1,1,1,1,1
"Sorbus_aucuparia",6,"G",1,1,1,1,1,1
"Sorbus_aucuparia",6,"G",1,1,1,1,1,1
"Sorbus_aucuparia",6,"G",1,1,1,1,1,1
"Sorbus_aucuparia",6,"G",1,1,1,1,1,1
"Sorbus_aucuparia",6,"G",1,1,1,1,1,1
"Sorbus_aucuparia",6,"G",1,1,1,1,1,1
"Sorbus_aucuparia",6,"G",1,1,1,1,1,1
"Sorbus_aucuparia",6,"G",1,1,1,1,1,1
"Sorbus_aucuparia",7,"G",1,1,1,1,1,1
"Sorbus_aucuparia",7,"G",1,1,1,1,1,1
"Sorbus_aucuparia",7,"G",1,1,1,1,1,1
"Sorbus_aucuparia",7,"G",1,1,1,1,1,1
"Sorbus_aucuparia",7,"G",1,1,1,1,1,1
"Sorbus_aucuparia",7,"G",1,1,1,1,1,1
"Sorbus_aucuparia",7,"G",1,1,1,1,1,1
"Sorbus_aucuparia",8,"G",1,1,1,1,1,1
"Sorbus_aucuparia",8,"G",1,1,1,1,1,1
"Sorbus_aucuparia",8,"G",1,1,1,1,1,1
"Sorbus_aucuparia",8,"G",1,1,1,1,1,1
"Sorbus_aucuparia",8,"G",1,1,1,1,1,1
"Sorbus_aucuparia",8,"G",1,1,1,1,1,1
"Sorbus_aucuparia",8,"G",1,1,1,1,1,1
"Sorbus_aucuparia",8,"G",1,1,1,1,1,1
"Sorbus_aucuparia",8,"G",1,1,1,1,1,1
"Sorbus_aucuparia",8,"G",1,1,1,1,1,1
"Sorbus_aucuparia",8,"G",1,1,1,1,1,1
"Sorbus_aucuparia",8,"G",1,1,1,1,1,1
"Sorbus_aucuparia",8,"M",0,1,1,1,1,1
"Sorbus_aucuparia",8,"G",1,1,1,1,1,1
"Sorbus_aucuparia",8,"G",1,1,1,1,1,1
"Sorbus_aucuparia",8,"G",1,1,1,1,1,1
"Sorbus_aucuparia",8,"G",1,1,1,1,1,1
"Sorbus_aucuparia",8,"G",1,1,1,1,1,1
"Sorbus_aucuparia",8,"G",1,1,1,1,1,1
"Sorbus_aucuparia",8,"G",1,1,1,1,1,1
"Sorbus_aucuparia",8,"G",1,1,1,1,1,1
"Sorbus_aucuparia",8,"G",1,1,1,1,1,1
"Sorbus_aucuparia",8,"G",1,0,0,1,1,1
"Sorbus_aucuparia",8,"G",1,1,1,1,1,1
"Sorbus_aucuparia",8,"G",1,1,1,1,1,1
"Sorbus_aucuparia",8,"G",1,1,1,1,1,1
"Sorbus_aucuparia",8,"G",1,1,1,1,1,1
"Sorbus_aucuparia",8,"G",1,1,1,1,1,1
"Sorbus_aucuparia",8,"G",1,1,1,1,1,1
"Sorbus_aucuparia",8,"G",1,1,1,1,1,1
"Sorbus_aucuparia",8,"G",1,1,1,1,1,1
"Sorbus_aucuparia",8,"G",1,1,1,1,1,1
"Sorbus_aucuparia",8,"G",1,1,1,1,1,1
"Sorbus_aucuparia",8,"G",1,1,1,1,1,1
"Sorbus_aucuparia",8,"G",1,0,1,1,1,1
"Sorbus_aucuparia",8,"G",1,1,1,1,1,1
"Sorbus_aucuparia",8,"G",1,1,1,1,1,1
"Sorbus_aucuparia",9,"G",1,1,1,1,1,1
"Sorbus_aucuparia",9,"G",1,1,1,1,1,1
"Sorbus_aucuparia",9,"G",1,1,1,1,1,1
"Sorbus_aucuparia",9,"G",1,1,1,1,1,1
"Sorbus_aucuparia",9,"G",1,1,1,1,1,1
"Sorbus_aucuparia",9,"V",0,1,1,1,1,1
"Sorbus_aucuparia",9,"M",0,1,1,1,1,1
"Sorbus_aucuparia",9,"G",1,1,1,1,1,1
"Sorbus_aucuparia",9,"G",1,1,1,1,1,1
"Sorbus_aucuparia",9,"G",1,1,1,1,1,1
"Sorbus_aucuparia",10,"G",1,1,1,1,1,1
"Sorbus_aucuparia",10,"G",1,1,1,1,1,1
"Sorbus_aucuparia",10,"G",1,1,1,1,1,1
"Sorbus_aucuparia",10,"G",1,1,1,1,1,1
"Sorbus_aucuparia",10,"G",1,1,1,1,1,1
"Sorbus_aucuparia",10,"M",0,1,1,1,1,1
"Sorbus_aucuparia",10,"G",1,1,1,1,1,1
"Sorbus_aucuparia",11,"G",1,1,1,1,1,1
"Sorbus_aucuparia",11,"G",1,1,1,1,1,1
"Sorbus_aucuparia",11,"G",1,1,1,1,1,1
"Sorbus_aucuparia",11,"G",1,1,1,1,1,1
"Sorbus_aucuparia",11,"G",1,1,1,1,1,1
"Sorbus_aucuparia",12,"G",1,1,1,1,1,1
"Sorbus_aucuparia",12,"G",1,1,1,1,1,1
"Sorbus_aucuparia",12,"G",1,0,1,1,1,1
"Sorbus_aucuparia",12,"G",1,1,1,1,1,1
"Sorbus_aucuparia",12,"G",1,1,1,1,1,1
"Sorbus_aucuparia",12,"G",1,1,1,1,1,1
"Sorbus_aucuparia",12,"G",1,1,1,1,1,1
"Sorbus_aucuparia",12,"G",1,1,1,1,1,1
"Sorbus_aucuparia",12,"G",1,1,1,1,1,1
"Sorbus_aucuparia",13,"G",1,1,1,1,1,1
"Sorbus_aucuparia",13,"G",1,1,1,1,1,1
"Sorbus_aucuparia",13,"G",1,1,1,1,1,1
"Sorbus_aucuparia",13,"V",0,1,1,1,1,1
"Sorbus_aucuparia",13,"G",1,1,1,1,1,1
"Sorbus_aucuparia",13,"G",1,1,1,1,1,1
"Sorbus_aucuparia",13,"G",1,1,1,1,1,1
"Sorbus_aucuparia",13,"G",1,1,1,1,1,1
"Sorbus_aucuparia",13,"G",1,1,1,1,1,1
"Sorbus_aucuparia",13,"G",1,1,1,1,1,1
"Sorbus_aucuparia",13,"V",0,1,1,1,1,1
"Sorbus_aucuparia",13,"G",1,1,1,1,1,1
"Sorbus_aucuparia",13,"G",1,1,1,1,1,1
"Sorbus_aucuparia",15,"G",1,1,1,1,1,1
"Sorbus_aucuparia",15,"G",1,1,1,1,1,1
"Sorbus_aucuparia",15,"G",1,1,1,1,1,1
"Sorbus_aucuparia",15,"G",1,1,1,1,1,1
"Sorbus_aucuparia",15,"V",0,1,1,1,1,1
"Sorbus_aucuparia",15,"G",1,1,1,1,1,1
"Sorbus_aucuparia",15,"G",1,1,1,1,1,1
"all_species",1,"E",0,0,1,0,1,0
"all_species",1,"E",0,0,1,0,1,0
"all_species",1,"E",0,0,1,0,1,0
"all_species",1,"E",0,0,0,0,1,0
"all_species",1,"E",0,0,1,0,1,0
"all_species",1,"G",1,1,1,1,1,1
"all_species",1,"G",1,1,1,1,1,1
"all_species",1,"G",1,1,1,1,1,1
"all_species",1,"G",1,1,1,1,1,1
"all_species",1,"E",0,0,1,0,1,0
"all_species",1,"G",1,1,1,1,1,1
"all_species",1,"E",0,0,1,0,1,0
"all_species",1,"E",0,0,1,1,1,1
"all_species",1,"G",1,1,1,1,1,1
"all_species",1,"G",1,1,1,1,1,1
"all_species",1,"G",1,1,1,1,1,1
"all_species",1,"G",1,1,1,1,1,1
"all_species",2,"G",1,1,1,1,1,1
"all_species",2,"E",0,0,0,0,1,0
"all_species",2,"G",1,1,1,1,1,1
"all_species",2,"G",1,1,1,1,1,1
"all_species",2,"G",1,1,1,1,1,1
"all_species",2,"G",1,1,1,1,1,1
"all_species",2,"G",1,1,1,1,1,1
"all_species",2,"G",1,1,1,1,1,1
"all_species",2,"E",0,0,1,0,1,0
"all_species",2,"G",1,1,1,1,1,1
"all_species",2,"G",1,1,1,1,1,1
"all_species",2,"G",1,1,1,1,1,1
"all_species",2,"G",1,1,1,1,1,1
"all_species",2,"G",1,1,1,1,1,1
"all_species",2,"G",1,1,1,1,1,1
"all_species",2,"G",1,1,1,1,1,1
"all_species",2,"G",1,1,1,1,1,1
"all_species",2,"G",1,1,1,1,1,1
"all_species",2,"E",0,0,1,0,1,0
"all_species",2,"G",1,1,1,1,1,1
"all_species",2,"G",1,1,1,1,1,1
"all_species",2,"G",1,1,1,1,1,1
"all_species",2,"G",1,1,1,1,1,1
"all_species",2,"G",1,1,1,1,1,1
"all_species",2,"G",1,1,1,1,1,1
"all_species",2,"G",1,1,1,1,1,1
"all_species",2,"G",1,1,1,1,1,1
"all_species",2,"G",1,1,1,1,1,1
"all_species",2,"G",1,1,1,1,1,1
"all_species",3,"E",0,0,0,0,1,0
"all_species",3,"G",1,1,1,1,1,1
"all_species",3,"E",0,0,0,1,1,0
"all_species",3,"G",1,1,1,1,1,1
"all_species",3,"E",0,0,0,0,1,0
"all_species",3,"G",1,1,1,1,1,1
"all_species",3,"G",1,1,1,1,1,1
"all_species",3,"E",0,0,1,0,1,0
"all_species",3,"G",1,1,1,1,1,1
"all_species",3,"G",1,1,1,1,1,1
"all_species",3,"G",1,1,1,1,1,1
"all_species",3,"G",1,1,1,1,1,1
"all_species",3,"E",0,0,1,0,1,0
"all_species",3,"E",0,0,1,0,1,0
"all_species",3,"E",0,0,1,1,1,0
"all_species",3,"G",1,1,1,1,1,1
"all_species",3,"G",1,1,1,1,1,1
"all_species",3,"G",1,1,1,1,1,1
"all_species",3,"E",0,0,0,0,1,0
"all_species",3,"G",1,1,1,1,1,1
"all_species",3,"G",1,1,1,1,1,1
"all_species",3,"G",1,1,1,1,1,1
"all_species",3,"E",0,0,1,0,1,0
"all_species",3,"G",1,1,1,1,1,1
"all_species",3,"G",1,1,1,1,1,1
"all_species",3,"G",1,1,1,1,1,1
"all_species",3,"G",1,1,1,1,1,1
"all_species",3,"E",0,0,1,0,1,0
"all_species",3,"G",1,1,1,1,1,1
"all_species",3,"E",0,0,1,0,1,0
"all_species",3,"G",1,1,1,1,1,1
"all_species",3,"G",1,1,1,1,1,1
"all_species",3,"G",1,1,1,1,1,1
"all_species",3,"E",0,0,0,0,1,0
"all_species",3,"G",1,1,1,1,1,1
"all_species",3,"E",0,0,0,1,1,0
"all_species",3,"G",1,1,1,1,1,1
"all_species",3,"E",0,0,1,0,1,0
"all_species",3,"G",1,1,1,1,1,1
"all_species",3,"G",1,1,1,1,1,1
"all_species",3,"G",1,1,1,1,1,1
"all_species",3,"G",1,1,1,1,1,1
"all_species",3,"G",1,1,1,1,1,1
"all_species",3,"G",1,1,0,1,1,1
"all_species",3,"E",0,0,0,0,1,0
"all_species",3,"G",1,1,1,1,1,1
"all_species",4,"G",1,1,1,1,1,1
"all_species",4,"G",1,1,1,1,1,1
"all_species",4,"G",1,1,1,1,1,1
"all_species",4,"G",1,1,1,1,1,1
"all_species",4,"G",1,1,1,1,1,0
"all_species",4,"G",1,1,1,1,1,1
"all_species",4,"E",0,0,1,0,1,0
"all_species",4,"G",1,1,1,1,1,1
"all_species",4,"G",1,1,1,1,1,1
"all_species",4,"G",1,1,1,1,1,1
"all_species",4,"G",1,1,1,1,1,1
"all_species",4,"E",0,0,1,0,1,0
"all_species",4,"G",1,1,1,1,1,1
"all_species",4,"M",0,1,1,1,1,1
"all_species",4,"G",1,1,1,1,1,1
"all_species",4,"G",1,1,1,1,1,0
"all_species",4,"G",1,1,1,1,1,1
"all_species",5,"M",0,1,1,1,1,1
"all_species",5,"G",1,1,1,1,1,1
"all_species",5,"G",1,1,1,1,1,1
"all_species",5,"G",1,1,1,1,1,1
"all_species",5,"G",1,1,1,1,1,1
"all_species",5,"G",1,1,1,1,1,1
"all_species",5,"G",1,1,1,1,1,1
"all_species",5,"E",0,0,1,0,1,0
"all_species",5,"G",1,1,1,1,1,1
"all_species",5,"G",1,1,1,1,1,1
"all_species",5,"E",0,0,1,0,1,0
"all_species",5,"M",0,1,0,1,1,1
"all_species",5,"G",1,1,1,1,1,1
"all_species",5,"G",1,1,0,1,1,1
"all_species",5,"G",1,1,1,1,1,1
"all_species",5,"E",0,0,1,0,1,0
"all_species",5,"G",1,1,0,1,1,1
"all_species",5,"E",0,0,1,0,1,0
"all_species",5,"G",1,1,1,1,1,1
"all_species",5,"G",1,1,1,1,1,1
"all_species",5,"G",1,1,1,1,1,1
"all_species",5,"E",0,0,0,1,1,0
"all_species",5,"G",1,1,1,1,1,1
"all_species",5,"G",1,1,1,1,1,1
"all_species",5,"G",1,1,1,1,1,1
"all_species",5,"G",1,1,1,1,1,1
"all_species",5,"M",0,1,1,1,1,1
"all_species",5,"G",1,1,1,1,1,1
"all_species",5,"G",1,1,1,1,1,1
"all_species",5,"E",0,0,1,0,1,0
"all_species",5,"E",1,1,1,1,1,1
"all_species",5,"G",1,1,1,1,1,1
"all_species",5,"G",1,1,1,1,1,1
"all_species",5,"E",0,0,0,0,1,0
"all_species",5,"G",1,1,1,1,1,1
"all_species",5,"G",1,1,1,1,1,1
"all_species",5,"G",1,1,1,1,1,1
"all_species",5,"G",1,1,1,1,1,1
"all_species",5,"E",0,0,0,1,1,0
"all_species",5,"G",1,1,0,1,1,1
"all_species",5,"G",1,1,1,1,1,1
"all_species",5,"G",1,1,1,1,1,1
"all_species",5,"G",1,1,0,1,1,1
"all_species",6,"G",1,1,1,1,1,1
"all_species",6,"G",1,1,1,1,1,1
"all_species",6,"G",1,1,1,1,1,1
"all_species",6,"G",1,1,1,1,1,1
"all_species",6,"G",1,1,1,1,1,1
"all_species",6,"G",1,1,1,1,1,1
"all_species",6,"G",1,1,1,1,1,1
"all_species",6,"G",1,1,1,1,1,1
"all_species",6,"G",1,1,1,1,1,1
"all_species",6,"G",1,1,1,1,1,1
"all_species",6,"G",1,1,1,1,1,1
"all_species",6,"G",1,1,1,1,1,1
"all_species",6,"G",1,1,0,1,1,1
"all_species",7,"G",1,1,1,1,1,1
"all_species",7,"E",0,0,1,0,1,0
"all_species",8,"G",1,1,1,1,1,1
"all_species",8,"E",0,0,1,0,1,0
"all_species",8,"E",0,0,1,0,1,0
"all_species",8,"G",1,1,1,1,1,1
"all_species",9,"G",1,1,1,1,1,1
"all_species",9,"G",1,1,1,1,1,1
"all_species",9,"G",1,1,0,1,1,1
"all_species",9,"G",1,1,1,1,1,1
"all_species",9,"E",0,0,0,0,1,0
"all_species",9,"G",1,1,1,1,1,1
"all_species",9,"G",1,1,0,1,1,1
"all_species",9,"G",1,1,1,1,1,1
"all_species",9,"G",1,1,1,1,1,1
"all_species",9,"E",0,0,0,0,1,1
"all_species",9,"G",1,1,1,1,1,1
"all_species",9,"G",1,1,1,1,1,1
"all_species",9,"G",1,1,0,1,1,1
"all_species",10,"E",0,0,1,1,1,0
"all_species",10,"G",1,1,1,1,1,1
"all_species",10,"G",1,1,1,1,1,1
"all_species",10,"G",1,1,1,1,1,1
"all_species",10,"G",1,1,1,1,1,1
"all_species",10,"G",1,1,1,1,1,1
"all_species",10,"E",0,0,1,0,1,0
"all_species",10,"G",1,1,1,1,1,1
"all_species",10,"G",1,1,1,1,1,1
"all_species",10,"G",1,1,0,1,1,1
"all_species",10,"G",1,1,1,1,1,1
"all_species",10,"G",1,1,1,1,1,1
"all_species",10,"E",0,0,0,0,1,0
"all_species",10,"E",0,0,1,0,1,0
"all_species",11,"G",1,1,1,1,1,1
"all_species",11,"G",1,1,1,1,1,1
"all_species",11,"G",1,1,1,1,1,1
"all_species",15,"G",1,1,1,1,1,1
"all_species",15,"G",1,1,1,1,1,1
"all_species",15,"G",1,1,1,1,1,1
"all_species",15,"G",1,1,1,1,1,1
"all_species",16,"E",0,1,1,1,1,0
"all_species",16,"E",0,0,1,1,1,0
"all_species",16,"G",1,1,1,1,1,1
"all_species",17,"G",1,1,1,1,1,1
"all_species",17,"M",0,1,1,1,1,1
"all_species",17,"M",0,1,1,1,1,1
"all_species",17,"G",1,1,1,1,1,1
"all_species",17,"M",0,1,1,1,1,1
"all_species",17,"M",0,1,1,1,1,1
"all_species",17,"G",1,1,1,1,1,1
"all_species",17,"G",1,1,1,1,1,1
"all_species",17,"G",1,1,1,1,1,1
"all_species",17,"G",1,1,1,1,1,1
"all_species",17,"G",1,1,1,1,1,1
"all_species",17,"G",1,1,1,1,1,1
"all_species",17,"G",1,1,1,1,1,1
"all_species",17,"G",1,1,1,1,1,1
"all_species",17,"G",1,1,1,1,1,1
"all_species",17,"G",1,1,1,1,1,1
"all_species",17,"G",1,1,1,1,1,1
"all_species",17,"G",1,1,1,1,1,1
"all_species",17,"G",1,1,1,1,1,1
"all_species",18,"G",1,1,1,1,1,1
"all_species",18,"G",1,1,1,1,1,1
"all_species",18,"G",1,1,1,1,1,1
"all_species",18,"M",0,1,1,1,1,1
"all_species",18,"G",1,1,1,1,1,1
"all_species",18,"G",1,1,1,1,1,1
"all_species",18,"M",0,1,1,1,1,1
"all_species",18,"G",1,1,1,1,1,1
"all_species",18,"G",1,1,1,1,1,1
"all_species",18,"G",1,1,1,1,1,1
"all_species",18,"E",0,0,1,0,1,0
"all_species",19,"G",1,1,1,1,1,1
"all_species",19,"G",1,1,1,1,1,1
"all_species",19,"G",1,1,1,1,1,1
"all_species",19,"G",1,1,1,1,1,1
"all_species",19,"G",1,1,1,1,1,1
"all_species",19,"G",1,1,1,1,1,1
"all_species",19,"G",1,1,1,1,1,1
"all_species",19,"G",1,1,1,1,1,1
"all_species",19,"G",1,1,1,1,1,1
"all_species",19,"G",1,1,1,1,1,1
"all_species",19,"G",1,1,1,1,1,1
"all_species",19,"G",1,1,1,1,1,1
"all_species",20,"G",1,1,1,1,1,1
"all_species",20,"G",1,1,1,1,1,1
"all_species",20,"G",1,1,1,1,1,1
"all_species",20,"G",1,1,0,1,1,1
"all_species",20,"G",1,1,1,1,1,1
"all_species",20,"M",0,1,1,1,1,1
"all_species",20,"G",1,1,1,1,1,1
"all_species",20,"M",0,1,1,1,1,1
"all_species",20,"E",0,0,1,0,1,0
"all_species",20,"G",1,1,1,1,1,1
"all_species",20,"G",1,1,1,1,1,1
"all_species",20,"G",1,1,1,1,1,1
"all_species",21,"G",1,1,1,1,1,1
"all_species",21,"G",1,1,1,1,1,1
"all_species",21,"M",0,1,1,1,1,1
"all_species",21,"E",0,0,1,0,1,0
"all_species",21,"G",1,1,1,1,1,1
"all_species",21,"G",1,1,0,1,1,1
"all_species",21,"G",1,1,1,1,1,1
"all_species",21,"G",1,1,1,1,1,1
"all_species",21,"M",0,1,1,1,1,1
"all_species",21,"G",1,1,1,1,1,1
"all_species",21,"G",1,1,1,1,1,1
"all_species",21,"G",1,1,1,1,1,1
"all_species",21,"G",1,1,1,1,1,1
"all_species",21,"G",1,1,1,1,1,1
"all_species",21,"E",0,0,1,0,1,0
"all_species",21,"G",1,1,1,1,1,1
"all_species",21,"G",1,1,1,1,1,1
"all_species",21,"M",0,1,1,1,1,1
"all_species",21,"E",0,0,1,0,1,0
"all_species",21,"G",1,1,1,1,1,1
"all_species",21,"G",1,1,1,1,1,1
"all_species",22,"E",0,0,1,0,1,1
"all_species",22,"M",0,0,1,1,1,1
"all_species",22,"G",1,0,1,0,1,0
"all_species",22,"G",1,1,1,1,1,1
"all_species",22,"G",1,1,1,0,1,1
"all_species",22,"G",1,1,1,1,1,1
"all_species",22,"G",1,1,1,1,1,1
"all_species",22,"G",1,1,1,1,1,1
"all_species",22,"G",1,0,1,0,1,1
"all_species",22,"G",1,1,1,1,1,1
"all_species",22,"G",1,0,1,1,1,1
"all_species",22,"M",0,1,1,1,1,1
"all_species",22,"G",1,1,1,1,1,1
"all_species",22,"G",1,1,0,1,1,1
"all_species",22,"G",1,1,1,1,1,1
"all_species",22,"E",0,0,1,0,1,0
"all_species",22,"G",1,1,1,1,1,1
"all_species",22,"G",1,1,1,1,1,1
"all_species",23,"M",0,1,1,1,1,1
"all_species",23,"G",1,1,0,1,1,1
"all_species",23,"E",0,0,1,0,1,0
"all_species",23,"M",0,0,1,0,1,0
"all_species",23,"E",0,1,1,1,1,1
"all_species",24,"E",0,0,0,0,1,0
"all_species",24,"G",1,1,1,1,1,1
"all_species",24,"G",1,1,1,1,1,1
"all_species",24,"M",0,0,1,0,1,0
"all_species",24,"E",0,0,0,0,1,0
"all_species",24,"E",0,1,1,1,1,1
"all_species",24,"E",0,0,0,0,1,0
"all_species",24,"E",0,0,0,0,1,0
"all_species",24,"E",0,0,0,0,1,0
"all_species",24,"E",0,0,1,0,1,0
"all_species",24,"G",1,1,1,1,1,1
"all_species",24,"E",0,0,1,0,1,0
"all_species",24,"G",1,1,1,1,1,1
"all_species",24,"E",0,0,1,0,1,0
"all_species",24,"E",0,0,1,0,1,0
"all_species",24,"E",0,0,1,0,1,0
"all_species",24,"G",1,1,1,1,1,1
"all_species",24,"E",0,0,1,0,1,0
"all_species",24,"E",0,0,1,0,1,0
"all_species",24,"M",0,0,1,0,1,0
"all_species",24,"M",0,0,0,0,1,1
"all_species",24,"G",1,1,0,1,1,1
"all_species",24,"E",0,0,1,0,1,0
"all_species",24,"M",0,1,0,0,1,0
"all_species",24,"E",0,0,1,0,1,0
"all_species",24,"M",0,0,1,0,1,1
"all_species",24,"E",0,0,0,0,1,0
"all_species",24,"E",0,0,1,0,1,0
"all_species",25,"E",0,0,0,0,1,0
"all_species",25,"E",0,0,1,0,1,0
"all_species",25,"G",1,1,1,1,1,1
"all_species",25,"G",1,1,1,1,1,1
"all_species",25,"G",1,1,1,1,1,1
"all_species",25,"G",1,1,1,1,1,1
"all_species",25,"G",1,1,1,1,1,1
"all_species",25,"E",0,0,1,0,1,0
"all_species",25,"M",0,1,1,1,1,1
"all_species",25,"G",1,1,1,1,1,1
"all_species",25,"G",1,1,1,1,1,1
"all_species",25,"E",0,1,1,1,1,0
"all_species",25,"G",1,1,1,1,1,1
"all_species",25,"E",0,0,1,0,1,0
"all_species",25,"M",0,1,1,1,1,1
"all_species",26,"G",1,1,1,1,1,1
"all_species",26,"M",0,1,1,1,1,1
"all_species",26,"E",0,0,1,0,1,0
"all_species",26,"G",1,1,1,1,1,1
"all_species",26,"G",1,1,1,1,1,1
"all_species",26,"G",1,1,1,1,1,1
"all_species",26,"G",1,1,1,1,1,1
"all_species",26,"G",1,0,1,0,1,1
"all_species",26,"G",1,1,1,1,1,1
"all_species",26,"M",0,1,1,1,1,1
"all_species",27,"G",1,1,1,0,1,1
"all_species",27,"G",1,1,1,1,1,1
"all_species",27,"E",0,0,1,0,1,0
"all_species",27,"G",1,1,0,1,1,1
"all_species",27,"G",1,1,1,1,1,1
"all_species",27,"G",1,1,1,1,1,1
"all_species",27,"G",1,0,1,0,1,1
"all_species",27,"M",0,0,1,0,1,1
"all_species",27,"G",1,1,1,1,1,1
"all_species",27,"G",1,1,1,1,1,1
"all_species",27,"M",0,1,1,1,1,1
"all_species",27,"M",0,0,1,0,1,1
"all_species",27,"G",1,1,1,1,1,1
"all_species",27,"M",0,1,1,1,1,1
"all_species",27,"G",1,1,1,1,1,1
"all_species",27,"G",1,0,1,0,1,1
"all_species",27,"M",0,0,1,0,1,0
"all_species",27,"M",0,0,1,0,1,0
"all_species",27,"M",0,1,1,1,1,1
"all_species",27,"G",1,1,1,1,1,1
"all_species",27,"E",0,0,1,0,1,0
"all_species",27,"E",0,0,1,0,1,0
"all_species",27,"E",0,0,1,0,1,0
"all_species",27,"M",0,1,1,1,1,1
"all_species",27,"G",1,0,1,0,1,0
"all_species",27,"G",1,1,1,1,1,1
"all_species",27,"G",1,1,1,1,1,1
"all_species",27,"E",0,0,1,0,1,0
"all_species",27,"G",1,1,1,1,1,1
"all_species",27,"G",1,1,1,1,1,1
"all_species",28,"G",1,0,1,1,1,1
"all_species",28,"E",0,0,1,0,1,0
"all_species",28,"G",1,1,1,1,1,1
"all_species",28,"M",0,1,1,1,1,1
"all_species",28,"G",1,1,1,1,1,1
"all_species",28,"M",0,1,1,1,1,1
"all_species",28,"G",1,1,1,1,1,1
"all_species",28,"G",1,1,1,1,1,1
"all_species",29,"G",1,1,1,1,1,1
"all_species",29,"G",1,1,1,1,1,1
"all_species",29,"G",1,1,1,1,1,1
"all_species",29,"M",0,1,1,1,1,1
"all_species",29,"G",1,1,1,1,1,1
"all_species",29,"G",1,1,1,1,1,1
"all_species",29,"G",1,1,1,1,1,1
"all_species",29,"G",1,1,1,1,1,1
"all_species",29,"G",1,1,1,1,1,1
"all_species",1,"M",0,1,1,1,1,1
"all_species",1,"G",1,1,1,1,1,1
"all_species",1,"G",1,1,1,0,1,1
"all_species",1,"M",0,1,1,1,1,1
"all_species",1,"G",1,1,1,1,1,1
"all_species",1,"G",1,1,1,1,1,1
"all_species",1,"G",1,1,1,1,1,1
"all_species",1,"G",1,1,0,1,1,1
"all_species",1,"G",1,1,1,1,1,1
"all_species",1,"M",0,1,1,1,1,1
"all_species",1,"G",1,1,1,1,1,1
"all_species",1,"G",1,1,1,1,1,1
"all_species",1,"G",1,1,1,1,1,1
"all_species",1,"M",0,1,1,1,1,1
"all_species",1,"X",1,0,0,1,1,1
"all_species",2,"G",1,1,0,1,1,1
"all_species",2,"G",1,1,1,1,1,1
"all_species",2,"G",1,1,1,1,1,1
"all_species",2,"G",1,1,1,1,1,1
"all_species",2,"G",1,1,0,1,1,1
"all_species",3,"E",0,1,1,1,1,1
"all_species",3,"G",1,1,1,1,1,1
"all_species",3,"G",1,1,1,1,1,1
"all_species",3,"X",1,1,1,1,1,1
"all_species",3,"X",1,0,1,0,1,0
"all_species",3,"X",1,1,1,1,1,1
"all_species",3,"X",1,1,1,1,1,1
"all_species",3,"G",1,1,1,1,1,1
"all_species",3,"M",0,1,1,1,1,1
"all_species",3,"G",1,1,1,1,1,1
"all_species",3,"G",1,1,1,1,1,1
"all_species",3,"G",1,1,1,1,1,1
"all_species",3,"G",1,1,1,1,1,1
"all_species",3,"G",1,1,1,1,1,1
"all_species",3,"M",0,1,1,1,1,1
"all_species",3,"X",1,1,1,1,1,1
"all_species",3,"G",1,1,1,1,1,1
"all_species",4,"E",0,0,1,0,1,0
"all_species",4,"M",0,1,1,1,1,1
"all_species",4,"G",1,1,1,1,1,1
"all_species",4,"G",1,1,1,1,1,1
"all_species",4,"M",0,1,0,1,1,1
"all_species",4,"G",1,1,1,1,1,1
"all_species",4,"E",0,0,0,0,1,0
"all_species",4,"G",1,1,1,1,1,1
"all_species",4,"G",1,1,1,1,1,1
"all_species",4,"G",1,1,1,1,1,1
"all_species",4,"E",0,0,1,1,1,0
"all_species",5,"M",0,1,1,1,1,1
"all_species",5,"M",0,1,0,1,1,1
"all_species",5,"E",0,0,1,0,1,0
"all_species",5,"E",0,0,1,0,1,0
"all_species",5,"M",0,1,1,1,1,1
"all_species",5,"M",0,1,0,1,1,1
"all_species",6,"G",1,1,1,1,1,1
"all_species",6,"E",0,0,1,0,1,0
"all_species",6,"G",1,1,1,1,1,1
"all_species",6,"G",1,1,1,1,1,1
"all_species",6,"V",0,0,1,1,1,1
"all_species",6,"G",1,0,1,0,1,1
"all_species",7,"M",0,1,1,1,1,1
"all_species",7,"G",1,1,1,1,1,1
"all_species",7,"M",0,1,1,1,1,1
"all_species",7,"G",1,1,1,1,1,1
"all_species",7,"G",1,1,1,1,1,1
"all_species",7,"G",1,1,1,1,1,1
"all_species",7,"M",0,1,1,1,1,1
"all_species",7,"E",0,0,1,0,1,0
"all_species",7,"E",0,0,1,0,1,0
"all_species",7,"G",1,1,0,1,1,1
"all_species",7,"M",0,1,0,1,1,1
"all_species",7,"E",0,0,0,0,1,0
"all_species",7,"M",0,0,0,1,1,1
"all_species",7,"G",1,1,1,1,1,1
"all_species",7,"G",1,1,1,1,1,1
"all_species",8,"M",0,0,1,1,1,1
"all_species",8,"E",0,0,0,0,1,0
"all_species",8,"G",1,1,1,1,1,1
"all_species",8,"M",0,1,1,1,1,1
"all_species",8,"G",1,1,1,1,1,1
"all_species",8,"M",0,0,0,0,1,0
"all_species",8,"G",1,1,1,1,0,1
"all_species",8,"G",1,1,1,1,1,1
"all_species",8,"G",1,1,1,1,1,1
"all_species",8,"G",1,1,1,1,1,1
"all_species",8,"G",1,1,1,1,1,1
"all_species",8,"G",1,1,1,1,1,1
"all_species",8,"E",0,1,1,1,1,1
"all_species",8,"G",1,1,1,1,1,1
"all_species",8,"G",1,1,1,1,1,1
"all_species",8,"G",1,1,1,1,1,1
"all_species",9,"G",1,1,1,1,1,1
"all_species",9,"G",1,1,1,1,1,0
"all_species",9,"M",0,1,1,1,1,1
"all_species",9,"E",0,0,1,0,1,0
"all_species",9,"G",1,1,1,1,1,1
"all_species",9,"G",1,1,1,1,1,1
"all_species",9,"E",0,0,1,0,1,0
"all_species",9,"G",1,1,1,1,1,1
"all_species",9,"G",1,1,0,1,1,1
"all_species",9,"E",0,0,1,0,1,0
"all_species",9,"G",1,1,1,0,1,1
"all_species",9,"E",0,0,1,0,1,0
"all_species",9,"E",0,0,1,0,1,0
"all_species",10,"G",1,0,0,1,1,1
"all_species",10,"M",0,0,1,1,1,1
"all_species",10,"G",1,1,1,1,1,1
"all_species",10,"G",1,1,1,1,1,1
"all_species",10,"G",1,1,1,1,1,1
"all_species",10,"M",0,1,1,1,1,1
"all_species",10,"E",0,0,0,0,1,0
"all_species",10,"E",0,0,0,0,1,0
"all_species",10,"M",0,1,1,1,1,1
"all_species",10,"G",1,1,1,1,1,1
"all_species",10,"M",0,0,0,1,1,1
"all_species",10,"E",0,0,1,0,1,0
"all_species",11,"X",1,1,1,1,1,1
"all_species",11,"X",1,1,1,1,1,1
"all_species",11,"X",1,1,1,0,1,0
"all_species",11,"X",1,1,1,1,1,1
"all_species",11,"X",1,0,1,0,1,0
"all_species",11,"X",1,1,1,1,1,1
"all_species",11,"X",1,1,1,1,1,1
"all_species",11,"X",1,0,1,0,1,0
"all_species",11,"V",0,1,1,1,1,1
"all_species",12,"G",1,1,1,1,1,1
"all_species",12,"G",1,1,1,1,1,1
"all_species",12,"M",0,1,1,1,1,1
"all_species",12,"G",1,1,1,1,1,1
"all_species",12,"G",1,1,1,1,1,1
"all_species",12,"G",1,1,1,1,1,1
"all_species",12,"G",1,1,1,1,1,1
"all_species",12,"G",1,1,1,1,1,1
"all_species",12,"M",0,1,1,1,1,1
"all_species",12,"G",1,1,1,1,1,1
"all_species",12,"G",1,1,1,1,1,1
"all_species",12,"G",1,1,1,1,1,1
"all_species",12,"G",1,1,1,1,1,1
"all_species",12,"G",1,1,1,1,1,1
"all_species",12,"E",0,1,1,1,1,1
"all_species",12,"E",0,1,1,1,1,1
"all_species",12,"G",1,1,1,1,1,1
"all_species",12,"G",1,1,1,1,1,1
"all_species",13,"E",0,1,1,1,1,1
"all_species",13,"E",0,0,0,0,1,0
"all_species",13,"E",0,1,1,1,1,1
"all_species",13,"G",1,1,1,1,1,1
"all_species",13,"G",1,1,1,1,1,1
"all_species",13,"E",0,0,0,1,1,1
"all_species",13,"M",0,1,1,1,1,1
"all_species",13,"M",0,1,1,1,1,1
"all_species",13,"G",1,1,1,1,1,0
"all_species",13,"V",0,1,1,1,1,1
"all_species",14,"G",1,1,1,1,1,1
"all_species",14,"G",1,1,1,1,1,1
"all_species",14,"V",0,1,1,1,1,1
"all_species",14,"E",0,0,1,0,1,0
"all_species",14,"E",0,0,1,0,1,0
"all_species",14,"G",1,1,1,1,1,1
"all_species",14,"G",1,1,1,1,1,1
"all_species",14,"E",0,0,1,0,1,0
"all_species",14,"G",1,1,1,1,1,1
"all_species",14,"G",1,1,1,1,1,1
"all_species",14,"G",1,1,1,1,1,1
"all_species",14,"G",1,1,1,1,1,1
"all_species",14,"V",0,1,1,1,1,1
"all_species",14,"M",0,1,1,1,1,1
"all_species",14,"G",1,1,1,1,1,1
"all_species",14,"G",1,1,1,1,1,1
"all_species",14,"G",1,1,1,1,1,1
"all_species",15,"E",0,1,1,1,1,1
"all_species",15,"G",1,1,1,1,1,1
"all_species",15,"G",1,1,1,1,1,1
"all_species",15,"G",1,1,1,1,0,1
"all_species",15,"G",1,1,1,1,1,1
"all_species",15,"G",1,1,1,1,1,1
"all_species",15,"E",0,0,0,1,1,0
"all_species",15,"G",1,1,1,1,1,1
"all_species",15,"E",0,0,0,0,1,0
"all_species",15,"E",0,0,0,0,0,0
"all_species",15,"E",0,0,1,0,1,0
"all_species",15,"E",0,0,1,0,1,0
"all_species",15,"E",0,0,1,0,1,0
"all_species",16,"G",1,1,1,1,1,1
"all_species",16,"G",1,1,1,1,1,1
"all_species",16,"V",0,1,1,1,1,1
"all_species",16,"G",1,1,1,1,1,1
"all_species",16,"M",0,1,1,1,1,1
"all_species",16,"G",1,1,1,1,1,1
"all_species",16,"E",0,0,1,0,1,0
"all_species",16,"M",0,1,1,1,1,1
"all_species",16,"G",1,1,1,1,1,1
"all_species",16,"G",1,1,1,1,1,1
"all_species",16,"G",1,1,1,0,1,1
"all_species",16,"G",1,1,1,1,1,1
"all_species",16,"M",0,1,1,1,1,1
"all_species",16,"G",1,1,1,1,1,1
"all_species",16,"G",1,1,1,1,1,1
"all_species",16,"G",1,0,0,1,1,1
"all_species",12,"M",0,1,1,1,1,1
"all_species",12,"V",0,1,1,1,1,1
"all_species",12,"G",1,1,1,1,1,1
"all_species",12,"M",0,1,1,1,1,1
"all_species",12,"M",0,1,1,1,1,1
"all_species",12,"M",0,1,1,1,1,1
"all_species",12,"G",1,1,1,1,1,1
"all_species",12,"G",1,1,1,1,1,1
"all_species",12,"G",1,1,1,1,1,1
"all_species",12,"G",1,1,1,1,1,1
"all_species",12,"G",1,0,1,0,1,0
"all_species",12,"G",1,1,1,1,1,0
"all_species",12,"G",1,1,1,1,1,1
"all_species",12,"M",0,1,1,1,1,1
"all_species",12,"V",0,1,1,1,1,1
"all_species",12,"G",1,1,1,1,1,1
"all_species",12,"M",0,1,1,1,1,1
"all_species",12,"M",0,1,1,1,1,1
"all_species",12,"G",1,1,1,1,1,1
"all_species",12,"G",1,1,1,1,1,1
"all_species",12,"G",1,1,1,1,1,1
"all_species",12,"G",1,1,1,1,1,1
"all_species",12,"G",1,1,1,1,1,1
"all_species",12,"G",1,1,1,1,1,1
"all_species",12,"G",1,1,1,1,1,1
"all_species",12,"G",1,1,1,1,1,1
"all_species",12,"G",1,1,1,1,1,1
"all_species",12,"G",1,1,1,1,1,1
"all_species",12,"M",0,1,1,1,1,0
"all_species",12,"G",1,1,1,1,1,1
"all_species",12,"M",0,1,1,1,1,1
"all_species",12,"G",1,1,1,1,1,1
"all_species",12,"G",1,1,1,1,1,1
"all_species",12,"M",0,1,1,1,1,1
"all_species",12,"M",0,1,1,1,1,1
"all_species",12,"V",0,1,1,1,1,1
"all_species",13,"G",1,1,1,1,1,1
"all_species",13,"G",1,1,1,1,1,1
"all_species",13,"G",1,1,1,1,1,1
"all_species",13,"G",1,1,1,1,1,1
"all_species",13,"G",1,1,1,1,1,1
"all_species",13,"G",1,1,1,1,1,1
"all_species",13,"G",1,1,1,1,1,1
"all_species",13,"G",1,1,1,1,1,1
"all_species",13,"G",1,1,1,1,1,1
"all_species",13,"G",1,1,1,1,1,1
"all_species",13,"G",1,1,1,1,1,1
"all_species",13,"G",1,1,1,1,1,1
"all_species",13,"G",1,1,1,1,1,1
"all_species",11,"M",0,1,0,1,1,1
"all_species",11,"M",0,1,0,1,1,0
"all_species",11,"E",0,0,1,1,1,0
"all_species",11,"M",0,1,0,1,1,1
"all_species",11,"M",0,1,1,1,1,1
"all_species",11,"G",1,1,0,1,0,0
"all_species",11,"G",1,1,0,1,1,1
"all_species",11,"E",0,0,0,0,1,0
"all_species",11,"M",0,1,0,1,1,1
"all_species",11,"G",1,0,0,1,1,1
"all_species",11,"G",1,1,1,1,1,1
"all_species",11,"G",1,1,1,1,1,1
"all_species",15,"G",1,1,1,1,1,1
"all_species",15,"G",1,1,1,1,1,1
"all_species",15,"G",1,1,1,1,1,1
"all_species",15,"G",1,1,1,1,1,1
"all_species",15,"G",1,1,1,1,1,1
"all_species",15,"G",1,1,1,1,1,0
"all_species",15,"E",0,0,0,0,1,0
"all_species",4,"G",1,1,1,1,1,1
"all_species",4,"M",0,1,1,1,1,0
"all_species",14,"G",1,1,0,1,1,1
"all_species",14,"G",1,1,1,1,1,1
"all_species",14,"G",1,1,1,1,1,1
"all_species",14,"G",1,1,1,1,1,1
"all_species",14,"G",1,1,1,1,1,1
"all_species",14,"M",0,1,1,1,1,1
"all_species",14,"G",1,1,1,1,1,1
"all_species",14,"G",1,1,1,1,1,1
"all_species",14,"G",1,1,0,1,1,1
"all_species",14,"G",1,1,1,1,1,1
"all_species",14,"G",1,1,1,1,1,1
"all_species",14,"G",1,1,0,1,1,1
"all_species",14,"M",0,1,1,1,1,1
"all_species",14,"G",1,1,1,1,1,1
"all_species",14,"G",1,1,1,1,1,1
"all_species",14,"G",1,1,1,1,1,1
"all_species",14,"M",0,1,1,1,1,1
"all_species",14,"M",0,0,0,1,1,1
"all_species",14,"M",0,1,1,1,1,0
"all_species",14,"G",1,1,1,1,1,1
"all_species",10,"G",1,1,1,1,1,1
"all_species",10,"G",1,1,1,1,1,1
"all_species",10,"G",1,1,1,1,1,1
"all_species",10,"G",1,1,1,1,1,1
"all_species",10,"G",1,1,1,1,1,1
"all_species",10,"G",1,1,1,1,1,1
"all_species",10,"G",1,1,1,1,1,1
"all_species",10,"G",1,1,1,1,1,1
"all_species",10,"E",0,0,1,0,1,0
"all_species",10,"G",1,1,1,1,1,1
"all_species",10,"G",1,1,1,1,1,1
"all_species",10,"G",1,1,1,1,1,1
"all_species",10,"G",1,1,1,1,1,1
"all_species",10,"G",1,1,1,1,1,1
"all_species",10,"G",1,1,1,1,1,1
"all_species",10,"M",0,1,1,1,1,0
"all_species",10,"G",1,1,1,1,1,1
"all_species",10,"G",1,1,1,1,1,1
"all_species",10,"G",1,1,1,1,1,1
"all_species",10,"G",1,1,1,1,1,1
"all_species",10,"G",1,1,1,1,1,1
"all_species",10,"G",1,1,1,1,1,1
"all_species",10,"G",1,1,1,1,1,1
"all_species",10,"G",1,1,1,1,1,1
"all_species",10,"G",1,1,1,1,1,1
"all_species",10,"G",1,1,1,1,1,1
"all_species",10,"G",1,1,1,1,1,1
"all_species",10,"G",1,1,1,1,1,1
"all_species",10,"G",1,1,1,1,1,1
"all_species",10,"G",1,1,1,1,1,1
"all_species",10,"G",1,1,1,1,1,1
"all_species",10,"G",1,1,1,1,1,1
"all_species",10,"M",0,1,1,1,1,0
"all_species",10,"E",0,0,1,0,0,0
"all_species",3,"G",1,1,1,1,1,1
"all_species",3,"G",1,1,1,1,1,1
"all_species",5,"G",1,1,1,1,1,1
"all_species",5,"G",1,0,0,1,1,1
"all_species",9,"M",0,1,1,1,1,1
"all_species",9,"G",1,1,1,1,1,1
"all_species",9,"G",1,1,1,1,1,1
"all_species",9,"G",1,1,1,1,1,1
"all_species",9,"G",1,1,1,1,1,1
"all_species",9,"G",1,1,1,1,1,1
"all_species",9,"M",0,1,1,1,1,1
"all_species",9,"M",0,1,1,1,1,1
"all_species",9,"M",0,1,1,1,1,1
"all_species",16,"E",0,0,1,0,1,0
"all_species",16,"E",0,0,0,0,1,0
"all_species",16,"E",0,0,1,0,1,0
"all_species",16,"E",0,0,0,0,1,0
"all_species",16,"G",1,1,0,1,1,1
"all_species",16,"G",1,1,0,1,1,1
"all_species",16,"E",0,0,0,1,1,0
"all_species",16,"E",0,0,1,0,1,0
"all_species",16,"E",0,0,0,0,1,0
"all_species",16,"E",0,0,1,0,1,0
"all_species",16,"G",1,1,1,1,1,1
"all_species",16,"M",0,0,0,1,1,1
"all_species",16,"E",0,0,1,0,1,0
"all_species",16,"G",1,1,1,1,1,1
"all_species",16,"G",1,1,1,1,1,1
"all_species",16,"G",1,1,1,1,0,1
"all_species",16,"G",1,1,1,1,1,1
"all_species",16,"G",1,1,0,1,1,1
"all_species",16,"E",0,0,1,0,1,0
"all_species",16,"G",1,1,1,1,1,1
"all_species",16,"E",0,0,0,0,1,0
"all_species",16,"E",0,0,1,0,1,0
"all_species",16,"E",0,0,0,0,1,0
"all_species",16,"G",1,1,1,1,1,1
"all_species",16,"E",0,0,0,0,1,0
"all_species",16,"E",0,0,1,0,1,0
"all_species",16,"E",0,0,0,0,1,0
"all_species",16,"E",0,0,1,0,1,0
"all_species",16,"E",0,0,1,0,1,0
"all_species",16,"E",0,0,0,0,1,0
"all_species",16,"E",0,0,1,0,1,0
"all_species",16,"G",1,1,1,1,1,1
"all_species",16,"E",0,0,1,0,1,0
"all_species",16,"G",1,1,0,1,1,1
"all_species",16,"G",1,1,1,1,1,1
"all_species",2,"G",1,1,1,1,1,1
"all_species",2,"G",1,1,1,1,1,1
"all_species",2,"G",1,1,1,1,1,1
"all_species",2,"G",1,0,1,1,1,0
"all_species",1,"G",1,1,1,1,1,1
"all_species",6,"G",1,1,1,1,1,0
"all_species",6,"G",1,1,1,1,1,1
"all_species",6,"G",1,1,1,1,1,1
"all_species",8,"M",0,1,1,1,1,1
"all_species",8,"M",0,1,0,1,0,0
"all_species",8,"G",1,1,0,1,1,0
"all_species",8,"G",1,1,1,1,1,0
"all_species",8,"G",1,1,1,1,1,1
"all_species",8,"G",1,1,1,1,1,1
"all_species",8,"G",1,1,1,1,1,1
"all_species",8,"M",0,1,1,1,1,0
"all_species",8,"G",1,1,1,1,1,1
"all_species",8,"G",1,1,1,1,1,1
"all_species",7,"G",1,1,1,1,1,1
"all_species",7,"G",1,1,1,1,1,0
"all_species",7,"G",1,1,1,1,1,1
"all_species",7,"M",0,0,1,1,1,0
"all_species",7,"G",1,1,1,1,1,1
"all_species",7,"G",1,1,1,1,1,1
"all_species",7,"G",1,1,1,1,1,1
"all_species",7,"G",1,1,1,1,1,1
"all_species",1,"G",1,1,1,1,1,1
"all_species",1,"G",1,1,1,1,1,1
"all_species",1,"G",1,1,1,1,1,1
"all_species",1,"V",0,1,1,1,1,1
"all_species",1,"G",1,1,1,1,1,1
"all_species",1,"G",1,1,1,1,1,1
"all_species",1,"V",0,1,1,1,1,1
"all_species",1,"G",1,1,1,1,1,1
"all_species",1,"G",1,1,1,1,1,1
"all_species",2,"G",1,1,1,1,1,1
"all_species",2,"G",1,1,1,1,1,1
"all_species",2,"G",1,1,1,1,1,1
"all_species",2,"G",1,1,1,1,1,1
"all_species",2,"G",1,1,1,1,1,1
"all_species",2,"G",1,1,1,1,1,1
"all_species",2,"G",1,1,1,1,1,1
"all_species",2,"G",1,1,1,1,1,1
"all_species",2,"G",1,1,1,1,1,1
"all_species",2,"G",1,1,1,1,1,1
"all_species",2,"G",1,1,1,1,1,1
"all_species",2,"G",1,1,1,1,1,1
"all_species",2,"V",0,1,1,1,1,1
"all_species",2,"G",1,1,1,1,1,1
"all_species",2,"G",1,1,1,1,1,1
"all_species",2,"G",1,1,1,1,1,1
"all_species",2,"G",1,1,1,1,1,1
"all_species",3,"G",1,1,1,1,1,1
"all_species",3,"G",1,1,1,1,1,1
"all_species",3,"G",1,1,1,1,1,1
"all_species",3,"G",1,1,1,1,1,1
"all_species",3,"G",1,1,1,1,1,1
"all_species",3,"G",1,1,1,1,1,1
"all_species",3,"G",1,1,1,1,1,1
"all_species",3,"G",1,1,1,1,1,1
"all_species",3,"V",0,1,1,1,1,1
"all_species",3,"M",0,1,1,1,1,1
"all_species",3,"G",1,1,1,1,1,1
"all_species",3,"G",1,1,1,1,1,1
"all_species",3,"G",1,1,1,1,1,1
"all_species",3,"G",1,1,1,1,1,1
"all_species",3,"G",1,1,1,1,1,1
"all_species",3,"G",1,1,1,1,1,1
"all_species",3,"G",1,1,1,1,1,1
"all_species",3,"G",1,1,1,1,1,1
"all_species",3,"G",1,1,1,1,1,1
"all_species",3,"G",1,1,1,1,1,1
"all_species",3,"G",1,1,1,1,1,1
"all_species",3,"G",1,1,1,1,1,1
"all_species",3,"G",1,1,1,1,1,1
"all_species",3,"G",1,1,1,1,1,1
"all_species",3,"G",1,1,1,1,1,1
"all_species",3,"G",1,1,1,1,1,1
"all_species",3,"G",1,1,1,1,1,1
"all_species",3,"X",1,1,1,1,1,1
"all_species",4,"G",1,1,1,1,1,1
"all_species",4,"G",1,1,1,1,1,1
"all_species",4,"G",1,1,1,1,1,1
"all_species",4,"G",1,1,1,1,1,1
"all_species",4,"G",1,1,1,1,1,1
"all_species",14,"G",1,1,1,1,1,1
"all_species",14,"G",1,1,1,1,1,1
"all_species",14,"G",1,1,1,1,1,1
"all_species",5,"G",1,1,1,1,1,1
"all_species",5,"G",1,1,1,1,1,1
"all_species",5,"V",0,1,1,1,1,1
"all_species",5,"G",1,1,1,1,1,1
"all_species",5,"G",1,1,1,1,1,1
"all_species",5,"G",1,1,1,1,1,1
"all_species",5,"G",1,1,1,1,1,1
"all_species",5,"G",1,1,1,1,1,1
"all_species",5,"G",1,1,1,1,1,1
"all_species",5,"G",1,1,1,1,1,1
"all_species",5,"G",1,1,1,1,1,1
"all_species",5,"G",1,1,1,1,1,1
"all_species",5,"G",1,1,1,1,1,1
"all_species",5,"G",1,1,1,1,1,1
"all_species",5,"G",1,1,1,1,1,1
"all_species",5,"G",1,1,1,1,1,1
"all_species",5,"G",1,1,1,1,1,1
"all_species",5,"G",1,1,1,1,1,1
"all_species",5,"G",1,1,1,1,1,1
"all_species",5,"G",1,1,1,1,1,1
"all_species",5,"G",1,1,1,1,1,1
"all_species",5,"G",1,1,1,1,1,1
"all_species",6,"G",1,1,1,1,1,1
"all_species",6,"G",1,1,1,1,1,1
"all_species",6,"X",1,1,1,0,1,1
"all_species",6,"G",1,1,1,1,1,1
"all_species",6,"G",1,1,1,1,1,1
"all_species",6,"G",1,1,1,1,1,1
"all_species",6,"G",1,1,1,1,1,1
"all_species",6,"G",1,1,1,1,1,1
"all_species",6,"M",0,1,1,1,1,1
"all_species",6,"G",1,1,1,1,1,1
"all_species",6,"G",1,1,1,1,1,1
"all_species",6,"G",1,1,1,1,1,1
"all_species",6,"G",1,1,1,1,1,1
"all_species",6,"G",1,1,1,1,1,1
"all_species",6,"G",1,1,1,1,1,1
"all_species",6,"G",1,1,1,1,1,1
"all_species",6,"G",1,1,1,1,1,1
"all_species",6,"G",1,1,1,1,1,1
"all_species",6,"G",1,1,1,1,1,1
"all_species",6,"G",1,1,1,1,1,1
"all_species",6,"G",1,1,1,1,1,1
"all_species",6,"G",1,1,1,1,1,1
"all_species",7,"G",1,1,1,1,1,1
"all_species",7,"G",1,1,1,1,1,1
"all_species",7,"G",1,1,1,1,1,1
"all_species",7,"G",1,1,1,1,1,1
"all_species",7,"G",1,1,1,1,1,1
"all_species",7,"G",1,1,1,1,1,1
"all_species",7,"G",1,1,1,1,1,1
"all_species",8,"G",1,1,1,1,1,1
"all_species",8,"G",1,1,1,1,1,1
"all_species",8,"G",1,1,1,1,1,1
"all_species",8,"G",1,1,1,1,1,1
"all_species",8,"G",1,1,1,1,1,1
"all_species",8,"G",1,1,1,1,1,1
"all_species",8,"G",1,1,1,1,1,1
"all_species",8,"G",1,1,1,1,1,1
"all_species",8,"G",1,1,1,1,1,1
"all_species",8,"G",1,1,1,1,1,1
"all_species",8,"G",1,1,1,1,1,1
"all_species",8,"G",1,1,1,1,1,1
"all_species",8,"M",0,1,1,1,1,1
"all_species",8,"G",1,1,1,1,1,1
"all_species",8,"G",1,1,1,1,1,1
"all_species",8,"G",1,1,1,1,1,1
"all_species",8,"G",1,1,1,1,1,1
"all_species",8,"G",1,1,1,1,1,1
"all_species",8,"G",1,1,1,1,1,1
"all_species",8,"G",1,1,1,1,1,1
"all_species",8,"G",1,1,1,1,1,1
"all_species",8,"G",1,1,1,1,1,1
"all_species",8,"G",1,1,1,1,1,1
"all_species",8,"G",1,1,1,1,1,1
"all_species",8,"G",1,1,1,1,1,1
"all_species",8,"G",1,1,1,1,1,1
"all_species",8,"G",1,1,1,1,1,1
"all_species",8,"G",1,1,1,1,1,1
"all_species",8,"G",1,1,1,1,1,1
"all_species",8,"G",1,1,1,1,1,1
"all_species",8,"G",1,1,1,1,1,1
"all_species",8,"G",1,1,1,1,1,1
"all_species",8,"G",1,1,1,1,1,1
"all_species",8,"G",1,1,1,1,1,1
"all_species",8,"G",1,1,1,1,1,1
"all_species",8,"G",1,1,1,1,1,1
"all_species",8,"G",1,1,1,1,1,1
"all_species",9,"G",1,1,1,1,1,1
"all_species",9,"G",1,1,1,1,1,1
"all_species",9,"G",1,1,1,1,1,1
"all_species",9,"G",1,1,1,1,1,1
"all_species",9,"G",1,1,1,1,1,1
"all_species",9,"V",0,1,1,1,1,1
"all_species",9,"M",0,1,1,1,1,0
"all_species",9,"G",1,1,1,1,1,1
"all_species",9,"G",1,1,1,1,1,1
"all_species",9,"G",1,1,1,1,1,1
"all_species",10,"G",1,1,1,1,1,1
"all_species",10,"G",1,1,1,1,1,1
"all_species",10,"G",1,1,1,1,1,1
"all_species",10,"G",1,1,1,1,1,1
"all_species",10,"G",1,1,1,1,1,1
"all_species",10,"M",0,0,0,0,1,0
"all_species",10,"G",1,1,1,1,1,1
"all_species",11,"G",1,1,1,1,1,1
"all_species",11,"G",1,1,1,1,1,1
"all_species",11,"G",1,1,1,1,1,1
"all_species",11,"G",1,1,1,1,1,1
"all_species",11,"G",1,1,1,1,1,1
"all_species",12,"G",1,1,1,1,1,1
"all_species",12,"G",1,1,1,1,1,1
"all_species",12,"G",1,1,1,1,1,1
"all_species",12,"G",1,1,1,1,1,1
"all_species",12,"G",1,1,1,1,1,1
"all_species",12,"G",1,1,1,1,1,1
"all_species",12,"G",1,1,1,1,1,1
"all_species",12,"G",1,1,1,1,1,1
"all_species",12,"G",1,1,1,1,1,1
"all_species",13,"G",1,1,1,1,1,1
"all_species",13,"G",1,1,1,1,1,1
"all_species",13,"G",1,1,1,1,1,1
"all_species",13,"V",0,1,1,1,1,1
"all_species",13,"G",1,1,1,1,1,1
"all_species",13,"G",1,1,1,1,1,1
"all_species",13,"G",1,1,1,1,1,1
"all_species",13,"G",1,1,1,1,1,1
"all_species",13,"G",1,1,1,1,1,1
"all_species",13,"G",1,1,1,1,1,1
"all_species",13,"V",0,1,1,1,1,1
"all_species",13,"G",1,1,1,1,1,1
"all_species",13,"G",1,1,1,1,1,1
"all_species",15,"G",1,1,1,1,1,1
"all_species",15,"G",1,1,1,1,1,1
"all_species",15,"G",1,1,1,1,1,1
"all_species",15,"G",1,1,1,1,1,1
"all_species",15,"V",0,1,1,0,1,1
"all_species",15,"G",1,1,1,1,1,1
"all_species",15,"G",1,1,1,1,1,1
